name,Latitude,Longitude,capacity,type,parking_id,capacity_estimated,processing_date,data_source
"Location (35.0601, -85.1836)",35.060120115409035,-85.1836046454094,3246,surface lot,1,False,2026-02-20T14:48:59.464672,OpenStreetMap
"Location (35.1132, -85.2471)",35.11319524173957,-85.24713146136098,3190,large surface lot,2,False,2026-02-20T14:48:59.464672,OpenStreetMap
"Location (35.0053, -85.3929)",35.0052767064176,-85.39287902975674,2747,large surface lot,3,False,2026-02-20T14:48:59.464672,OpenStreetMap
"Location (35.0168, -85.2999)",35.01682092051467,-85.29994129671037,2101,surface lot,4,False,2026-02-20T14:48:59.464672,OpenStreetMap
"Location (34.9952, -85.3113)",34.99515249275171,-85.31128568242079,2097,large surface lot,5,False,2026-02-20T14:48:59.464672,OpenStreetMap
"Location (35.1542, -85.2470)",35.15419078446651,-85.24698933778049,2043,surface lot,6,False,2026-02-20T14:48:59.464672,OpenStreetMap
"Location (35.0098, -85.2057)",35.009799152886735,-85.20566983593521,1457,surface lot,7,False,2026-02-20T14:48:59.464672,OpenStreetMap
"Location (35.1481, -85.2070)",35.148103204587265,-85.20699386186578,1268,large surface lot,8,False,2026-02-20T14:48:59.464672,OpenStreetMap
VWGoA,35.072230401416164,-85.13449605350407,1264,surface lot,9,False,2026-02-20T14:48:59.464672,OpenStreetMap
"Location (35.0348, -85.1568)",35.0348430019882,-85.1568262048154,1257,surface lot,10,False,2026-02-20T14:48:59.464672,OpenStreetMap
VWGoA,35.075345270609965,-85.13146269874446,1192,surface lot,11,False,2026-02-20T14:48:59.464672,OpenStreetMap
"Location (35.0266, -85.1941)",35.0266450795846,-85.19414591923429,1185,large surface lot,12,False,2026-02-20T14:48:59.464672,OpenStreetMap
"Location (35.1397, -85.2457)",35.13967979911715,-85.24569673155412,1164,surface lot,13,False,2026-02-20T14:48:59.464672,OpenStreetMap
"Location (35.1466, -85.2510)",35.14662956838624,-85.25096469412644,1085,large surface lot,14,False,2026-02-20T14:48:59.464672,OpenStreetMap
"Location (35.1343, -85.2443)",35.13434455270474,-85.24429688636782,999,large surface lot,15,False,2026-02-20T14:48:59.464672,OpenStreetMap
"Location (35.1371, -85.2424)",35.13714033796049,-85.24244777828456,985,surface lot,16,False,2026-02-20T14:48:59.464672,OpenStreetMap
"Location (35.0321, -85.1578)",35.03207618250096,-85.15775019407695,913,surface lot,17,False,2026-02-20T14:48:59.464672,OpenStreetMap
"Location (35.0379, -85.3148)",35.03793381078941,-85.31481227338125,881,large surface lot,18,False,2026-02-20T14:48:59.464672,OpenStreetMap
Long Term Lot 2,35.03934186922786,-85.19674432279704,874,surface lot,19,False,2026-02-20T14:48:59.464672,OpenStreetMap
Hixson Plaza,35.114302746112216,-85.2621403931939,855,surface lot,20,False,2026-02-20T14:48:59.464672,OpenStreetMap
"Location (35.0295, -85.3069)",35.02945200860728,-85.30689083332157,853,large surface lot,21,False,2026-02-20T14:48:59.464672,OpenStreetMap
"Location (35.0565, -85.1899)",35.05646961613341,-85.18994128273707,852,large surface lot,22,False,2026-02-20T14:48:59.464672,OpenStreetMap
"Location (35.1182, -85.3150)",35.11819576734028,-85.31501522301843,847,large surface lot,23,False,2026-02-20T14:48:59.464672,OpenStreetMap
"Location (35.0395, -85.1549)",35.03948355653957,-85.15490612975758,809,surface lot,24,False,2026-02-20T14:48:59.464672,OpenStreetMap
"Location (35.0486, -85.3163)",35.04860788929704,-85.31630800719167,794,surface lot,25,False,2026-02-20T14:48:59.464672,OpenStreetMap
"Location (35.1160, -85.2772)",35.116046549868955,-85.2771880165621,786,surface lot,26,False,2026-02-20T14:48:59.464672,OpenStreetMap
Trailer Yard,35.083147903644665,-85.1318087728323,769,surface lot,27,False,2026-02-20T14:48:59.464672,OpenStreetMap
"Location (35.0404, -85.3213)",35.04044189504148,-85.321258873502,752,large surface lot,28,False,2026-02-20T14:48:59.464672,OpenStreetMap
"Location (35.0365, -85.1552)",35.03654980214031,-85.15516875766018,664,surface lot,29,False,2026-02-20T14:48:59.464672,OpenStreetMap
"Location (35.0714, -85.1375)",35.07137818365904,-85.13747625180558,657,large surface lot,30,False,2026-02-20T14:48:59.464672,OpenStreetMap
"Location (35.0462, -85.3227)",35.04620317067831,-85.32274925411761,645,large surface lot,31,False,2026-02-20T14:48:59.464672,OpenStreetMap
"Location (35.1319, -85.2351)",35.131905746569025,-85.23508416267263,617,large surface lot,32,False,2026-02-20T14:48:59.464672,OpenStreetMap
"Location (35.0589, -85.1913)",35.05893709378616,-85.19126630728287,617,large surface lot,33,False,2026-02-20T14:48:59.464672,OpenStreetMap
"Location (35.1296, -85.2415)",35.12961496104922,-85.2414882245618,605,large surface lot,34,False,2026-02-20T14:48:59.464672,OpenStreetMap
"Location (35.1314, -85.2414)",35.13139592906795,-85.24137288051871,602,large surface lot,35,False,2026-02-20T14:48:59.464672,OpenStreetMap
"Location (35.0142, -85.2121)",35.01418346032025,-85.21209875654519,587,large surface lot,36,False,2026-02-20T14:48:59.464672,OpenStreetMap
"Location (35.1008, -85.2344)",35.100841760155866,-85.23435452124394,577,large surface lot,37,False,2026-02-20T14:48:59.464672,OpenStreetMap
"Location (35.0084, -85.2163)",35.008411879387964,-85.21633805028686,564,large surface lot,38,False,2026-02-20T14:48:59.464672,OpenStreetMap
"Location (35.1830, -85.2430)",35.18295931659633,-85.24300456915017,563,large surface lot,39,False,2026-02-20T14:48:59.464672,OpenStreetMap
Brainerd Hills Baptist Church,35.019002508989445,-85.18597729950287,550,large surface lot,40,False,2026-02-20T14:48:59.464672,OpenStreetMap
"Location (35.0119, -85.2118)",35.01188079539272,-85.2118326042052,549,surface lot,41,False,2026-02-20T14:48:59.464672,OpenStreetMap
"Location (35.0338, -85.1606)",35.03382534138487,-85.16058517166555,549,surface lot,42,False,2026-02-20T14:48:59.464672,OpenStreetMap
"Location (35.0740, -85.1042)",35.07402760578236,-85.10418341429849,548,large surface lot,43,False,2026-02-20T14:48:59.464672,OpenStreetMap
"Location (35.0956, -85.0595)",35.09556651265185,-85.05946607381921,542,large surface lot,44,False,2026-02-20T14:48:59.464672,OpenStreetMap
"Location (35.0924, -85.3103)",35.092448713271054,-85.310317977814,540,surface lot,45,False,2026-02-20T14:48:59.464672,OpenStreetMap
"Location (35.1015, -85.2385)",35.10148800162054,-85.2384686032936,534,large surface lot,46,False,2026-02-20T14:48:59.464672,OpenStreetMap
"Location (35.1304, -85.2379)",35.13038985365189,-85.23785055932902,534,large surface lot,47,False,2026-02-20T14:48:59.464672,OpenStreetMap
"Location (35.0574, -85.2803)",35.05737840983384,-85.28033866520914,531,surface lot,48,False,2026-02-20T14:48:59.464672,OpenStreetMap
"Location (35.1323, -85.2382)",35.13232165113325,-85.23820544554705,516,large surface lot,49,False,2026-02-20T14:48:59.464672,OpenStreetMap
"Location (35.0094, -85.3878)",35.009369561888214,-85.38779924020007,515,large surface lot,50,False,2026-02-20T14:48:59.464672,OpenStreetMap
Publix Parking Lot,35.0897466264246,-85.06481290779273,502,large surface lot,51,False,2026-02-20T14:48:59.464672,OpenStreetMap
"Location (35.0554, -85.3148)",35.0553776026438,-85.31484925447826,500,surface lot,52,False,2026-02-20T14:48:59.464672,OpenStreetMap
"Location (35.0985, -85.2375)",35.09851750464435,-85.2374742422167,497,surface lot,53,False,2026-02-20T14:48:59.464672,OpenStreetMap
"Location (35.0093, -85.2136)",35.009257326929195,-85.21361636866793,496,surface lot,54,False,2026-02-20T14:48:59.464672,OpenStreetMap
"Location (35.0053, -85.1493)",35.00527638841926,-85.14928711220263,494,large surface lot,55,False,2026-02-20T14:48:59.464672,OpenStreetMap
"Location (35.0567, -85.1286)",35.05672164127609,-85.12857362403021,494,large surface lot,56,False,2026-02-20T14:48:59.464672,OpenStreetMap
"Location (35.1355, -85.2454)",35.135481632207714,-85.24544501488374,487,large surface lot,57,False,2026-02-20T14:48:59.464672,OpenStreetMap
"Location (35.0353, -85.1609)",35.035286831593424,-85.16085040814873,482,surface lot,58,False,2026-02-20T14:48:59.464672,OpenStreetMap
"Location (35.0243, -85.2452)",35.02433660889391,-85.24517328204072,476,surface lot,59,False,2026-02-20T14:48:59.464672,OpenStreetMap
"Location (35.0346, -85.2663)",35.034593734966535,-85.26628433594517,475,large surface lot,60,False,2026-02-20T14:48:59.464672,OpenStreetMap
"Location (35.0417, -85.3073)",35.0416857048395,-85.30727089277967,470,surface lot,61,False,2026-02-20T14:48:59.464672,OpenStreetMap
"Location (35.1383, -85.2797)",35.13832981837285,-85.27971032334986,469,large surface lot,62,False,2026-02-20T14:48:59.464672,OpenStreetMap
"Location (35.0501, -85.1270)",35.05007756916535,-85.12701820977914,466,large surface lot,63,False,2026-02-20T14:48:59.464672,OpenStreetMap
"Location (35.0302, -85.2171)",35.030150002940104,-85.21707060361618,465,large surface lot,64,False,2026-02-20T14:48:59.464672,OpenStreetMap
"Location (35.0632, -85.3147)",35.06320704833905,-85.31472505386711,453,surface lot,65,False,2026-02-20T14:48:59.464672,OpenStreetMap
"Location (35.0081, -85.3889)",35.0081222694736,-85.38890835182633,448,large surface lot,66,False,2026-02-20T14:48:59.464672,OpenStreetMap
"Location (35.0378, -85.2588)",35.037770046413186,-85.2587833294076,446,large surface lot,67,False,2026-02-20T14:48:59.464672,OpenStreetMap
"Location (35.0124, -85.1897)",35.012447108402725,-85.18969775773536,445,large surface lot,68,False,2026-02-20T14:48:59.464672,OpenStreetMap
"Location (35.0857, -85.1316)",35.0857449094479,-85.13159572072541,435,large surface lot,69,False,2026-02-20T14:48:59.464672,OpenStreetMap
"Location (35.1287, -85.2380)",35.1286859972292,-85.23798521647329,421,large surface lot,70,False,2026-02-20T14:48:59.464672,OpenStreetMap
"Location (35.0616, -85.1407)",35.06164572803556,-85.14068866904648,421,surface lot,71,False,2026-02-20T14:48:59.464672,OpenStreetMap
"Location (35.0985, -85.2411)",35.09845729676037,-85.24110856650961,420,large surface lot,72,False,2026-02-20T14:48:59.464672,OpenStreetMap
"Location (35.0339, -85.2680)",35.03394636214075,-85.26804489797034,419,large surface lot,73,False,2026-02-20T14:48:59.464672,OpenStreetMap
"Location (35.0828, -85.0824)",35.082771590550486,-85.08236610413945,417,surface lot,74,False,2026-02-20T14:48:59.464672,OpenStreetMap
"Location (35.0366, -85.1597)",35.036581030920665,-85.159740597144,416,surface lot,75,False,2026-02-20T14:48:59.464672,OpenStreetMap
"Location (35.0475, -85.1568)",35.04753054087454,-85.15675504761904,415,surface lot,76,False,2026-02-20T14:48:59.464672,OpenStreetMap
"Location (35.0373, -85.3177)",35.03727279589607,-85.3176627031822,414,large surface lot,77,False,2026-02-20T14:48:59.464672,OpenStreetMap
"Location (35.0980, -85.3290)",35.097971599917855,-85.32898628823338,405,large surface lot,78,False,2026-02-20T14:48:59.464672,OpenStreetMap
"Location (35.0408, -85.2200)",35.040845361025106,-85.21996212200645,404,large surface lot,79,False,2026-02-20T14:48:59.464672,OpenStreetMap
"Location (35.0309, -85.3631)",35.03090094405075,-85.36307598665276,399,large surface lot,80,False,2026-02-20T14:48:59.464672,OpenStreetMap
"Location (35.0743, -85.1868)",35.07431957672703,-85.18676139819767,391,large surface lot,81,False,2026-02-20T14:48:59.464672,OpenStreetMap
"Location (35.0981, -85.2447)",35.09808485959987,-85.24469747855704,390,surface lot,82,False,2026-02-20T14:48:59.464672,OpenStreetMap
Ooltewah High School's Parking Lot #1,35.093087827540764,-85.0619701359579,390,large surface lot,83,False,2026-02-20T14:48:59.464672,OpenStreetMap
"Location (35.0810, -85.2970)",35.08099829740266,-85.2970268912236,389,surface lot,84,False,2026-02-20T14:48:59.464672,OpenStreetMap
"Location (35.1065, -85.2718)",35.1064619047646,-85.27179130548384,388,surface lot,85,False,2026-02-20T14:48:59.464672,OpenStreetMap
"Location (35.1268, -85.2384)",35.12682244388007,-85.23843687887275,379,large surface lot,86,False,2026-02-20T14:48:59.464672,OpenStreetMap
"Location (35.0681, -85.1478)",35.068082884289595,-85.14781948400146,375,surface lot,87,False,2026-02-20T14:48:59.464672,OpenStreetMap
"Location (35.0865, -85.1334)",35.086515883300194,-85.13335368023908,371,large surface lot,88,False,2026-02-20T14:48:59.464672,OpenStreetMap
"Location (35.0092, -85.3859)",35.00921737045542,-85.38587507209753,367,large surface lot,89,False,2026-02-20T14:48:59.464672,OpenStreetMap
Highland Plaza,35.138710454503,-85.24873675060144,364,large surface lot,90,False,2026-02-20T14:48:59.464672,OpenStreetMap
"Location (35.0241, -85.2913)",35.02412802488912,-85.29126523661547,356,large surface lot,91,False,2026-02-20T14:48:59.464672,OpenStreetMap
"Location (35.0132, -85.1859)",35.01321778952834,-85.18592062374204,356,large surface lot,92,False,2026-02-20T14:48:59.464672,OpenStreetMap
"Location (35.0978, -85.2685)",35.09784923205833,-85.26848627732961,353,surface lot,93,False,2026-02-20T14:48:59.464672,OpenStreetMap
"Location (35.0958, -85.2230)",35.09576465577171,-85.22302818284257,351,surface lot,94,False,2026-02-20T14:48:59.464672,OpenStreetMap
"Location (35.0369, -85.1581)",35.036935665504565,-85.15810870204122,350,surface lot,95,False,2026-02-20T14:48:59.464672,OpenStreetMap
"Location (35.0152, -85.2073)",35.0152194967613,-85.2073043382263,349,large surface lot,96,False,2026-02-20T14:48:59.464672,OpenStreetMap
"Location (35.0210, -85.2908)",35.02103039683582,-85.29082707361378,346,large surface lot,97,False,2026-02-20T14:48:59.464672,OpenStreetMap
"Location (35.1246, -85.2392)",35.12464205094291,-85.23919626450387,342,large surface lot,98,False,2026-02-20T14:48:59.464672,OpenStreetMap
"Location (35.0387, -85.1471)",35.038671423007806,-85.14713584531661,342,large surface lot,99,False,2026-02-20T14:48:59.464672,OpenStreetMap
"Location (35.0668, -85.2066)",35.06681011300421,-85.20655052182653,338,large surface lot,100,False,2026-02-20T14:48:59.464672,OpenStreetMap
"Location (35.0631, -85.1917)",35.06306957344289,-85.19168684542628,338,large surface lot,101,False,2026-02-20T14:48:59.464672,OpenStreetMap
"Location (35.0059, -85.3898)",35.00594879073914,-85.38981459988348,336,large surface lot,102,False,2026-02-20T14:48:59.464672,OpenStreetMap
"Location (35.0575, -85.2541)",35.05751409929292,-85.25411341950011,333,large surface lot,103,False,2026-02-20T14:48:59.464672,OpenStreetMap
"Location (35.0700, -85.1410)",35.06997184313256,-85.14104792037267,331,large surface lot,104,False,2026-02-20T14:48:59.464672,OpenStreetMap
"Location (35.0069, -85.3905)",35.006855125651214,-85.39046322338702,327,large surface lot,105,False,2026-02-20T14:48:59.464672,OpenStreetMap
"Location (35.0463, -85.3161)",35.046292717290925,-85.31611296503742,324,large surface lot,106,False,2026-02-20T14:48:59.464672,OpenStreetMap
"Location (35.0129, -85.1873)",35.012926230637085,-85.18727177270547,321,large surface lot,107,False,2026-02-20T14:48:59.464672,OpenStreetMap
"Location (35.0480, -85.2928)",35.048028370523376,-85.29276234416513,320,large surface lot,108,False,2026-02-20T14:48:59.464672,OpenStreetMap
"Location (35.1148, -85.2930)",35.11481531924898,-85.29301244829927,320,surface lot,109,False,2026-02-20T14:48:59.464672,OpenStreetMap
"Location (35.0308, -85.3055)",35.03078715351266,-85.30550819901035,317,large surface lot,110,False,2026-02-20T14:48:59.464672,OpenStreetMap
"Location (35.0633, -85.1634)",35.063300286650545,-85.16337861424604,314,large surface lot,111,False,2026-02-20T14:48:59.464672,OpenStreetMap
"Location (35.0343, -85.2190)",35.03428025356094,-85.21902664584522,314,large surface lot,112,False,2026-02-20T14:48:59.464672,OpenStreetMap
"Location (35.0468, -85.3023)",35.04681566206796,-85.30227047457397,307,surface lot,113,False,2026-02-20T14:48:59.464672,OpenStreetMap
"Location (35.0822, -85.3207)",35.08222379673156,-85.32069330700021,306,large surface lot,114,False,2026-02-20T14:48:59.464672,OpenStreetMap
"Location (35.0331, -85.1567)",35.03311814456318,-85.15670859593905,306,surface lot,115,False,2026-02-20T14:48:59.464672,OpenStreetMap
"Location (35.0350, -85.3162)",35.03502095346396,-85.31623529572497,302,large surface lot,116,False,2026-02-20T14:48:59.464672,OpenStreetMap
"Location (35.0101, -85.3267)",35.010089311101105,-85.32671200205131,300,large surface lot,117,False,2026-02-20T14:48:59.464672,OpenStreetMap
"Location (35.0641, -85.2729)",35.064067497480046,-85.2729361838566,299,large surface lot,118,False,2026-02-20T14:48:59.464672,OpenStreetMap
"Location (35.0438, -85.2821)",35.043767421572944,-85.28213720311025,299,surface lot,119,False,2026-02-20T14:48:59.464672,OpenStreetMap
"Location (35.0456, -85.2590)",35.04559555429741,-85.2590478250369,297,large surface lot,120,False,2026-02-20T14:48:59.464672,OpenStreetMap
"Location (35.0582, -85.1912)",35.05819833968248,-85.19119483583502,297,large surface lot,121,False,2026-02-20T14:48:59.464672,OpenStreetMap
"Location (35.1434, -85.2381)",35.14340086729745,-85.23812529055392,294,surface lot,122,False,2026-02-20T14:48:59.464672,OpenStreetMap
"Location (35.0117, -85.2427)",35.01173377803675,-85.24265005315131,294,large surface lot,123,False,2026-02-20T14:48:59.464672,OpenStreetMap
"Location (35.1105, -85.3209)",35.11050238699997,-85.32091371490793,293,large surface lot,124,False,2026-02-20T14:48:59.464672,OpenStreetMap
"Location (35.0516, -85.3070)",35.05161456623402,-85.3070100612764,292,surface lot,125,False,2026-02-20T14:48:59.464672,OpenStreetMap
"Location (35.0871, -85.1891)",35.08712907868956,-85.18910268485764,292,large surface lot,126,False,2026-02-20T14:48:59.464672,OpenStreetMap
"Location (35.0068, -85.2108)",35.00678145987231,-85.21081940286273,291,large surface lot,127,False,2026-02-20T14:48:59.464672,OpenStreetMap
"Location (35.0543, -85.2811)",35.05426791594952,-85.28112647420322,290,large surface lot,128,False,2026-02-20T14:48:59.464672,OpenStreetMap
"Location (35.0129, -85.1886)",35.01291792616527,-85.18858738047174,288,large surface lot,129,False,2026-02-20T14:48:59.464672,OpenStreetMap
"Location (35.1035, -85.3245)",35.103500221735,-85.32453758745989,288,large surface lot,130,False,2026-02-20T14:48:59.464672,OpenStreetMap
"Location (35.0588, -85.2533)",35.058833799072026,-85.25333123171085,287,large surface lot,131,False,2026-02-20T14:48:59.464672,OpenStreetMap
"Location (35.0592, -85.1893)",35.059154215148205,-85.18928475214904,286,large surface lot,132,False,2026-02-20T14:48:59.464672,OpenStreetMap
"Location (35.0580, -85.2772)",35.0580380795084,-85.27717651381793,285,large surface lot,133,False,2026-02-20T14:48:59.464672,OpenStreetMap
CCA lot,35.07934562405543,-85.30268484901084,283,large surface lot,134,False,2026-02-20T14:48:59.464672,OpenStreetMap
"Location (35.0147, -85.3261)",35.01470149370823,-85.32607949387622,282,large surface lot,135,False,2026-02-20T14:48:59.464672,OpenStreetMap
"Location (35.0434, -85.2808)",35.04335261678071,-85.28084648840338,281,large surface lot,136,False,2026-02-20T14:48:59.464672,OpenStreetMap
"Location (35.0505, -85.3152)",35.050544103242174,-85.31519473756589,281,large surface lot,137,False,2026-02-20T14:48:59.464672,OpenStreetMap
"Location (35.0630, -85.3218)",35.06299499721008,-85.32182863405997,280,surface lot,138,False,2026-02-20T14:48:59.464672,OpenStreetMap
"Location (35.1081, -85.2368)",35.108052576036634,-85.23677297752536,278,large surface lot,139,False,2026-02-20T14:48:59.464672,OpenStreetMap
"Location (35.0488, -85.2413)",35.04876294365399,-85.24129681944245,277,large surface lot,140,False,2026-02-20T14:48:59.464672,OpenStreetMap
"Location (35.0554, -85.1895)",35.05537662829871,-85.18952329138257,275,large surface lot,141,False,2026-02-20T14:48:59.464672,OpenStreetMap
"Location (35.0196, -85.3137)",35.019575665101186,-85.31373953844592,274,large surface lot,142,False,2026-02-20T14:48:59.464672,OpenStreetMap
"Location (35.0526, -85.1851)",35.052606002986,-85.1851497216704,270,large surface lot,143,False,2026-02-20T14:48:59.464672,OpenStreetMap
"Location (35.0997, -85.2429)",35.09967379076254,-85.24286039494275,266,large surface lot,144,False,2026-02-20T14:48:59.464672,OpenStreetMap
"Location (35.0679, -85.3144)",35.06786003699469,-85.31443922688364,266,large surface lot,145,False,2026-02-20T14:48:59.464672,OpenStreetMap
"Location (35.0069, -85.3887)",35.006876511812145,-85.38869183619312,265,large surface lot,146,False,2026-02-20T14:48:59.464672,OpenStreetMap
"Location (35.1593, -85.1957)",35.15926142497324,-85.19573036465137,263,large surface lot,147,False,2026-02-20T14:48:59.464672,OpenStreetMap
"Location (35.1304, -85.2352)",35.13039485617173,-85.23524006979672,262,large surface lot,148,False,2026-02-20T14:48:59.464672,OpenStreetMap
"Location (35.0346, -85.2698)",35.03458260401585,-85.26977059979895,260,large surface lot,149,False,2026-02-20T14:48:59.464672,OpenStreetMap
"Location (35.1089, -85.2135)",35.10887121256355,-85.21353586561212,259,surface lot,150,False,2026-02-20T14:48:59.464672,OpenStreetMap
"Location (35.1293, -85.2475)",35.129272768041,-85.24745038554555,258,surface lot,151,False,2026-02-20T14:48:59.464672,OpenStreetMap
"Location (35.0228, -85.2752)",35.022757878059565,-85.27520907484525,257,large surface lot,152,False,2026-02-20T14:48:59.464672,OpenStreetMap
"Location (35.1194, -85.2907)",35.11937317223161,-85.29065525386771,256,large surface lot,153,False,2026-02-20T14:48:59.464672,OpenStreetMap
"Location (35.0090, -85.3291)",35.009029427525896,-85.3290534241312,256,surface lot,154,False,2026-02-20T14:48:59.464672,OpenStreetMap
"Location (35.0186, -85.1714)",35.018567768035695,-85.17143146695223,256,surface lot,155,False,2026-02-20T14:48:59.464672,OpenStreetMap
"Location (35.0327, -85.1841)",35.03273278940476,-85.18409398171862,256,surface lot,156,False,2026-02-20T14:48:59.464672,OpenStreetMap
"Location (35.0387, -85.3114)",35.03873544259497,-85.31143113298401,255,surface lot,157,False,2026-02-20T14:48:59.464672,OpenStreetMap
"Location (35.0185, -85.2388)",35.01854163340034,-85.23879863700941,255,large surface lot,158,False,2026-02-20T14:48:59.464672,OpenStreetMap
"Location (35.1072, -85.2956)",35.107166090607976,-85.29563237169648,255,large surface lot,159,False,2026-02-20T14:48:59.464672,OpenStreetMap
"Location (35.0471, -85.3177)",35.04709646826373,-85.31772455860713,253,large surface lot,160,False,2026-02-20T14:48:59.464672,OpenStreetMap
Cell Waiting Lot,35.03099291263438,-85.19572156535918,252,surface lot,161,False,2026-02-20T14:48:59.464672,OpenStreetMap
"Location (35.0554, -85.2832)",35.055441889899015,-85.28316760527449,251,surface lot,162,False,2026-02-20T14:48:59.464672,OpenStreetMap
"Location (35.0142, -85.1878)",35.0141508048146,-85.18781587552867,251,large surface lot,163,False,2026-02-20T14:48:59.464672,OpenStreetMap
"Location (35.0823, -85.0555)",35.08231798729073,-85.05550750873273,251,large surface lot,164,False,2026-02-20T14:48:59.464672,OpenStreetMap
"Location (35.0439, -85.2878)",35.04392026129822,-85.2877713931982,249,large surface lot,165,False,2026-02-20T14:48:59.464672,OpenStreetMap
"Location (35.1325, -85.2367)",35.132541279791326,-85.23665879475843,248,large surface lot,166,False,2026-02-20T14:48:59.464672,OpenStreetMap
"Location (35.0087, -85.3899)",35.008732168991386,-85.38989000860302,248,large surface lot,167,False,2026-02-20T14:48:59.464672,OpenStreetMap
"Location (35.1183, -85.2786)",35.11827828549984,-85.27856812559175,244,large surface lot,168,False,2026-02-20T14:48:59.464672,OpenStreetMap
"Location (35.0316, -85.3046)",35.03158188654797,-85.30462619208217,244,large surface lot,169,False,2026-02-20T14:48:59.464672,OpenStreetMap
"Location (35.1357, -85.2813)",35.13567439625437,-85.28125029696109,243,large surface lot,170,False,2026-02-20T14:48:59.464672,OpenStreetMap
"Location (35.0612, -85.3059)",35.061221973728976,-85.30594665898377,242,surface lot,171,False,2026-02-20T14:48:59.464672,OpenStreetMap
"Location (35.0599, -85.1340)",35.059929423239915,-85.13403447342169,242,large surface lot,172,False,2026-02-20T14:48:59.464672,OpenStreetMap
"Location (35.0098, -85.2182)",35.00982690309232,-85.21815400234249,240,large surface lot,173,False,2026-02-20T14:48:59.464672,OpenStreetMap
"Location (35.1454, -85.2251)",35.14535315528283,-85.22509162672762,238,surface lot,174,False,2026-02-20T14:48:59.464672,OpenStreetMap
"Location (35.0322, -85.2740)",35.03215089790346,-85.27396545209946,236,large surface lot,175,False,2026-02-20T14:48:59.464672,OpenStreetMap
"Location (35.0433, -85.2582)",35.04327533719261,-85.258247358529,235,large surface lot,176,False,2026-02-20T14:48:59.464672,OpenStreetMap
"Location (35.0603, -85.1866)",35.06031042412346,-85.18657048640227,234,large surface lot,177,False,2026-02-20T14:48:59.464672,OpenStreetMap
"Location (35.0213, -85.3238)",35.02134974820969,-85.32378911420327,234,large surface lot,178,False,2026-02-20T14:48:59.464672,OpenStreetMap
"Location (35.0484, -85.3213)",35.048362553937665,-85.32126683967726,232,surface lot,179,False,2026-02-20T14:48:59.464672,OpenStreetMap
"Location (35.0911, -85.1313)",35.0910822505826,-85.13126174265213,231,large surface lot,180,False,2026-02-20T14:48:59.464672,OpenStreetMap
"Location (35.1450, -85.2380)",35.14503041125064,-85.23801927686635,229,surface lot,181,False,2026-02-20T14:48:59.464672,OpenStreetMap
"Location (35.0730, -85.1843)",35.07298721300562,-85.18427199724914,229,large surface lot,182,False,2026-02-20T14:48:59.464672,OpenStreetMap
"Location (35.0733, -85.1997)",35.073304680178325,-85.1997231333027,229,large surface lot,183,False,2026-02-20T14:48:59.464672,OpenStreetMap
"Location (35.0620, -85.1926)",35.062012795021246,-85.1926222973768,227,large surface lot,184,False,2026-02-20T14:48:59.464672,OpenStreetMap
"Location (35.0558, -85.1319)",35.05576636942207,-85.13188329981932,227,large surface lot,185,False,2026-02-20T14:48:59.464672,OpenStreetMap
"Location (35.0817, -85.0863)",35.081715321639,-85.0863019284407,226,surface lot,186,False,2026-02-20T14:48:59.464672,OpenStreetMap
"Location (35.1345, -85.2393)",35.13450729874971,-85.2393211015132,225,large surface lot,187,False,2026-02-20T14:48:59.464672,OpenStreetMap
"Location (35.1420, -85.2350)",35.1419582382187,-85.23497943110098,225,large surface lot,188,False,2026-02-20T14:48:59.464672,OpenStreetMap
"Location (35.0583, -85.1248)",35.058295270018355,-85.1248083375038,223,large surface lot,189,False,2026-02-20T14:48:59.464672,OpenStreetMap
"Location (35.0162, -85.3838)",35.01624450154412,-85.38377485907684,221,large surface lot,190,False,2026-02-20T14:48:59.464672,OpenStreetMap
"Location (35.0469, -85.2948)",35.0468975318479,-85.29479477792522,220,large surface lot,191,False,2026-02-20T14:48:59.464672,OpenStreetMap
"Location (35.0966, -85.2197)",35.09664638753202,-85.21969128124277,220,large surface lot,192,False,2026-02-20T14:48:59.464672,OpenStreetMap
"Location (35.0717, -85.1848)",35.07169904893625,-85.18475041780376,219,large surface lot,193,False,2026-02-20T14:48:59.464672,OpenStreetMap
"Location (35.1413, -85.2302)",35.141265974689674,-85.23016416173758,219,surface lot,194,False,2026-02-20T14:48:59.464672,OpenStreetMap
"Location (35.1310, -85.2387)",35.13097637316072,-85.23869559151011,218,large surface lot,195,False,2026-02-20T14:48:59.464672,OpenStreetMap
"Location (35.1336, -85.2397)",35.13358046752685,-85.2397147624837,218,large surface lot,196,False,2026-02-20T14:48:59.464672,OpenStreetMap
"Location (35.0457, -85.2877)",35.04566782976181,-85.28769521255467,218,large surface lot,197,False,2026-02-20T14:48:59.464672,OpenStreetMap
"Location (35.0546, -85.2827)",35.05457498345368,-85.28270032775222,218,large surface lot,198,False,2026-02-20T14:48:59.464672,OpenStreetMap
"Location (35.1305, -85.2177)",35.13053322194153,-85.21767948267075,216,large surface lot,199,False,2026-02-20T14:48:59.464672,OpenStreetMap
"Location (35.0080, -85.3917)",35.00795297573857,-85.39165319929782,215,surface lot,200,False,2026-02-20T14:48:59.464672,OpenStreetMap
"Location (35.0287, -85.2010)",35.0286943432842,-85.20098725190107,214,surface lot,201,False,2026-02-20T14:48:59.464672,OpenStreetMap
"Location (35.0730, -85.2366)",35.07302748321518,-85.2366119957733,214,large surface lot,202,False,2026-02-20T14:48:59.464672,OpenStreetMap
Rental Car Lot,35.03600909981148,-85.19658973527592,213,surface lot,203,False,2026-02-20T14:48:59.464672,OpenStreetMap
"Location (35.0126, -85.1632)",35.01263305417006,-85.16324179432138,212,large surface lot,204,False,2026-02-20T14:48:59.464672,OpenStreetMap
"Location (35.0463, -85.3041)",35.046306198507224,-85.30406860865128,210,surface lot,205,False,2026-02-20T14:48:59.464672,OpenStreetMap
"Location (35.0782, -85.2666)",35.07824420191312,-85.26664805330726,210,large surface lot,206,False,2026-02-20T14:48:59.464672,OpenStreetMap
"Location (35.0155, -85.3245)",35.01549395251836,-85.32452040300498,210,large surface lot,207,False,2026-02-20T14:48:59.464672,OpenStreetMap
"Location (35.0842, -85.0707)",35.08422163682067,-85.07070677126559,210,large surface lot,208,False,2026-02-20T14:48:59.464672,OpenStreetMap
"Location (35.0575, -85.1258)",35.0574890149512,-85.12575074069652,208,surface lot,209,False,2026-02-20T14:48:59.464672,OpenStreetMap
"Location (35.0323, -85.1595)",35.03231163455542,-85.15950847073317,207,surface lot,210,False,2026-02-20T14:48:59.464672,OpenStreetMap
"Location (35.0503, -85.3132)",35.050328256545455,-85.31323216436611,207,surface lot,211,False,2026-02-20T14:48:59.464672,OpenStreetMap
"Location (35.0624, -85.1295)",35.06237964301881,-85.12954275822868,207,large surface lot,212,False,2026-02-20T14:48:59.464672,OpenStreetMap
"Location (35.0624, -85.2982)",35.06239778563465,-85.29815699029517,207,surface lot,213,False,2026-02-20T14:48:59.464672,OpenStreetMap
"Location (35.0229, -85.2482)",35.02288259389532,-85.24824788779945,206,surface lot,214,False,2026-02-20T14:48:59.464672,OpenStreetMap
"Location (35.0695, -85.1516)",35.06945139342196,-85.15160327853677,206,large surface lot,215,False,2026-02-20T14:48:59.464672,OpenStreetMap
"Location (35.0953, -85.0624)",35.09525548225519,-85.06236330507947,205,large surface lot,216,False,2026-02-20T14:48:59.464672,OpenStreetMap
"Location (35.0152, -85.2208)",35.01516590773621,-85.2208134266304,204,large surface lot,217,False,2026-02-20T14:48:59.464672,OpenStreetMap
"Location (35.1003, -85.2398)",35.10025239125404,-85.23981626919696,203,surface lot,218,False,2026-02-20T14:48:59.464672,OpenStreetMap
"Location (35.0754, -85.2644)",35.07538453614321,-85.26439531676324,202,large surface lot,219,False,2026-02-20T14:48:59.464672,OpenStreetMap
"Location (35.0394, -85.2659)",35.03940662356948,-85.26586543155798,202,large surface lot,220,False,2026-02-20T14:48:59.464672,OpenStreetMap
"Location (35.1126, -85.3250)",35.112581610171844,-85.3250122566183,201,large surface lot,221,False,2026-02-20T14:48:59.464672,OpenStreetMap
32,35.05124061036732,-85.30034218003851,201,surface lot,222,False,2026-02-20T14:48:59.464672,OpenStreetMap
"Location (35.0448, -85.3341)",35.044752621261665,-85.33408929449497,199,large surface lot,223,False,2026-02-20T14:48:59.464672,OpenStreetMap
"Location (35.0470, -85.2966)",35.04702247834601,-85.29655230931345,198,surface lot,224,False,2026-02-20T14:48:59.464672,OpenStreetMap
"Location (35.0730, -85.1531)",35.07297996681752,-85.15314119725103,198,large surface lot,225,False,2026-02-20T14:48:59.464672,OpenStreetMap
"Location (35.0600, -85.3011)",35.0600343619497,-85.30113604889556,198,large surface lot,226,False,2026-02-20T14:48:59.464672,OpenStreetMap
"Location (34.9871, -85.2876)",34.987111843554366,-85.28759937953065,197,large surface lot,227,False,2026-02-20T14:48:59.464672,OpenStreetMap
"Location (35.0604, -85.1544)",35.0603643458729,-85.15436063836545,197,large surface lot,228,False,2026-02-20T14:48:59.464672,OpenStreetMap
Oakwood Baptist Church Parking Lot,35.07692123552194,-85.20309875588411,197,surface lot,229,False,2026-02-20T14:48:59.464672,OpenStreetMap
"Location (35.1320, -85.2399)",35.13200395629949,-85.23993400367486,197,large surface lot,230,False,2026-02-20T14:48:59.464672,OpenStreetMap
"Location (35.0061, -85.2141)",35.00607907756181,-85.21409768093477,193,large surface lot,231,False,2026-02-20T14:48:59.464672,OpenStreetMap
"Location (35.0205, -85.2881)",35.02045248159633,-85.28805249575068,193,surface lot,232,False,2026-02-20T14:48:59.464672,OpenStreetMap
"Location (35.1246, -85.2368)",35.124635131398584,-85.23680593255123,192,large surface lot,233,False,2026-02-20T14:48:59.464672,OpenStreetMap
"Location (35.1073, -85.2372)",35.10729093983392,-85.23724249981053,191,large surface lot,234,False,2026-02-20T14:48:59.464672,OpenStreetMap
"Location (35.0107, -85.1644)",35.0107085245326,-85.16441748143093,191,large surface lot,235,False,2026-02-20T14:48:59.464672,OpenStreetMap
"Location (35.0401, -85.2587)",35.04013333301753,-85.25871789506198,191,large surface lot,236,False,2026-02-20T14:48:59.464672,OpenStreetMap
"Location (35.0488, -85.1461)",35.04883482824138,-85.14611443381857,191,large surface lot,237,False,2026-02-20T14:48:59.464672,OpenStreetMap
"Location (35.1338, -85.2408)",35.13375757476022,-85.24075780614908,190,large surface lot,238,False,2026-02-20T14:48:59.464672,OpenStreetMap
"Location (35.0361, -85.2689)",35.03610405113735,-85.26893499881493,190,large surface lot,239,False,2026-02-20T14:48:59.464672,OpenStreetMap
"Location (35.1240, -85.3062)",35.12400009538606,-85.30617026160455,189,large surface lot,240,False,2026-02-20T14:48:59.464672,OpenStreetMap
"Location (35.0564, -85.1259)",35.056376939273626,-85.12594357784755,189,surface lot,241,False,2026-02-20T14:48:59.464672,OpenStreetMap
"Location (35.0389, -85.3084)",35.03885240218252,-85.30836491584081,188,surface lot,242,False,2026-02-20T14:48:59.464672,OpenStreetMap
"Location (35.1330, -85.2406)",35.133025281656096,-85.24058407280651,188,large surface lot,243,False,2026-02-20T14:48:59.464672,OpenStreetMap
"Location (35.1181, -85.2505)",35.11805449450808,-85.25054389578636,185,surface lot,244,False,2026-02-20T14:48:59.464672,OpenStreetMap
"Location (35.0194, -85.2396)",35.01944432048316,-85.23959659423616,183,surface lot,245,False,2026-02-20T14:48:59.464672,OpenStreetMap
"Location (35.1445, -85.2190)",35.14450834761939,-85.21902816790875,182,large surface lot,246,False,2026-02-20T14:48:59.464672,OpenStreetMap
"Location (35.0487, -85.2783)",35.04872798842454,-85.2782912202018,182,large surface lot,247,False,2026-02-20T14:48:59.464672,OpenStreetMap
Ooltewah High School's Parking Lot #3,35.093516765264035,-85.06365580870352,181,large surface lot,248,False,2026-02-20T14:48:59.464672,OpenStreetMap
"Location (35.0405, -85.3140)",35.04046298769529,-85.31395242327993,181,surface lot,249,False,2026-02-20T14:48:59.464672,OpenStreetMap
"Location (35.0055, -85.2228)",35.00547800271607,-85.22284459194684,180,surface lot,250,False,2026-02-20T14:48:59.464672,OpenStreetMap
"Location (35.0911, -85.0611)",35.09111294349297,-85.06113744768001,180,large surface lot,251,False,2026-02-20T14:48:59.464672,OpenStreetMap
"Location (35.0477, -85.3121)",35.04769278743794,-85.3121031360442,180,surface lot,252,False,2026-02-20T14:48:59.464672,OpenStreetMap
"Location (35.0448, -85.3203)",35.04480735575265,-85.32032500385795,180,large surface lot,253,False,2026-02-20T14:48:59.464672,OpenStreetMap
"Location (35.0401, -85.2715)",35.04010913996975,-85.27151921201721,180,large surface lot,254,False,2026-02-20T14:48:59.464672,OpenStreetMap
"Location (35.0490, -85.2944)",35.04895531029506,-85.29442336969461,179,large surface lot,255,False,2026-02-20T14:48:59.464672,OpenStreetMap
"Location (35.0625, -85.2756)",35.06254193359691,-85.27562720748429,179,large surface lot,256,False,2026-02-20T14:48:59.464672,OpenStreetMap
"Location (35.0748, -85.2029)",35.07484278845745,-85.20291168211516,178,large surface lot,257,False,2026-02-20T14:48:59.464672,OpenStreetMap
"Location (35.0114, -85.2393)",35.011422544531925,-85.23930496611405,178,large surface lot,258,False,2026-02-20T14:48:59.464672,OpenStreetMap
"Location (35.0257, -85.2775)",35.02569144936846,-85.27753851311849,177,large surface lot,259,False,2026-02-20T14:48:59.464672,OpenStreetMap
"Location (35.0441, -85.2600)",35.04412055706158,-85.26003512652747,177,large surface lot,260,False,2026-02-20T14:48:59.464672,OpenStreetMap
"Location (35.0224, -85.2433)",35.02244506574417,-85.24326548874096,176,large surface lot,261,False,2026-02-20T14:48:59.464672,OpenStreetMap
"Location (35.0388, -85.1575)",35.03882492068268,-85.1575376653746,175,large surface lot,262,False,2026-02-20T14:48:59.464672,OpenStreetMap
"Location (35.0499, -85.2870)",35.04986247142386,-85.28704895920951,175,large surface lot,263,False,2026-02-20T14:48:59.464672,OpenStreetMap
"Location (35.1193, -85.2882)",35.11931777484737,-85.28819086362591,174,large surface lot,264,False,2026-02-20T14:48:59.464672,OpenStreetMap
"Location (35.0373, -85.2639)",35.03727085839831,-85.26386819709006,174,large surface lot,265,False,2026-02-20T14:48:59.464672,OpenStreetMap
"Location (35.0807, -85.2638)",35.08069309054408,-85.26383884415463,174,large surface lot,266,False,2026-02-20T14:48:59.464672,OpenStreetMap
"Location (35.0507, -85.3124)",35.05074673347245,-85.31236470843106,173,surface lot,267,False,2026-02-20T14:48:59.464672,OpenStreetMap
"Location (35.0417, -85.2999)",35.04172856626393,-85.29987551387774,172,surface lot,268,False,2026-02-20T14:48:59.464672,OpenStreetMap
"Location (35.0245, -85.3113)",35.024524262320774,-85.31131275168302,170,large surface lot,269,False,2026-02-20T14:48:59.464672,OpenStreetMap
"Location (35.0349, -85.3148)",35.03485825565589,-85.31478768666685,170,surface lot,270,False,2026-02-20T14:48:59.464672,OpenStreetMap
"Location (35.0494, -85.2763)",35.049368416335724,-85.27629572592517,169,large surface lot,271,False,2026-02-20T14:48:59.464672,OpenStreetMap
"Location (35.0114, -85.1634)",35.01139977931242,-85.16337624545729,169,large surface lot,272,False,2026-02-20T14:48:59.464672,OpenStreetMap
"Location (35.1149, -85.2919)",35.1148722784391,-85.29189703406298,169,large surface lot,273,False,2026-02-20T14:48:59.464672,OpenStreetMap
"Location (35.0404, -85.1490)",35.040445180521964,-85.14895808008409,169,large surface lot,274,False,2026-02-20T14:48:59.464672,OpenStreetMap
"Location (35.0545, -85.3196)",35.0545477259629,-85.31961971966665,168,surface lot,275,False,2026-02-20T14:48:59.464672,OpenStreetMap
"Location (35.1002, -85.1353)",35.10023893127655,-85.13532858171357,167,large surface lot,276,False,2026-02-20T14:48:59.464672,OpenStreetMap
"Location (35.0149, -85.2092)",35.014905397467935,-85.20921460292746,167,large surface lot,277,False,2026-02-20T14:48:59.464672,OpenStreetMap
"Location (35.1455, -85.2208)",35.1454769979733,-85.22080351776673,167,large surface lot,278,False,2026-02-20T14:48:59.464672,OpenStreetMap
"Location (35.0411, -85.2619)",35.04112187414429,-85.26187919454507,167,large surface lot,279,False,2026-02-20T14:48:59.464672,OpenStreetMap
"Location (35.0587, -85.1503)",35.05872021679104,-85.15026196261664,166,large surface lot,280,False,2026-02-20T14:48:59.464672,OpenStreetMap
"Location (35.0591, -85.1535)",35.05914970073388,-85.15354218870745,166,large surface lot,281,False,2026-02-20T14:48:59.464672,OpenStreetMap
"Location (35.0090, -85.3241)",35.009012867304065,-85.32408620878323,166,large surface lot,282,False,2026-02-20T14:48:59.464672,OpenStreetMap
"Location (35.0485, -85.3134)",35.048463628930655,-85.3134420230786,165,surface lot,283,False,2026-02-20T14:48:59.464672,OpenStreetMap
33,35.05084487141825,-85.29906922781915,163,surface lot,284,False,2026-02-20T14:48:59.464672,OpenStreetMap
"Location (35.0251, -85.3177)",35.02507835788485,-85.31765153160985,162,surface lot,285,False,2026-02-20T14:48:59.464672,OpenStreetMap
"Location (35.0664, -85.1259)",35.06635922786362,-85.12589915166805,159,surface lot,286,False,2026-02-20T14:48:59.464672,OpenStreetMap
"Location (35.0529, -85.3128)",35.05286766085298,-85.31283830403189,156,surface lot,287,False,2026-02-20T14:48:59.464672,OpenStreetMap
"Location (35.1208, -85.2904)",35.12078309579202,-85.29038178041537,156,surface lot,288,False,2026-02-20T14:48:59.464672,OpenStreetMap
"Location (35.0289, -85.2417)",35.02888891345568,-85.24170084888826,156,surface lot,289,False,2026-02-20T14:48:59.464672,OpenStreetMap
"Location (35.0503, -85.3092)",35.05031379973007,-85.30916912181074,154,surface lot,290,False,2026-02-20T14:48:59.464672,OpenStreetMap
"Location (35.0427, -85.2985)",35.04274994710871,-85.298460899894,154,surface lot,291,False,2026-02-20T14:48:59.464672,OpenStreetMap
"Location (35.0443, -85.3118)",35.04426535533698,-85.31182751731072,152,surface lot,292,False,2026-02-20T14:48:59.464672,OpenStreetMap
"Location (35.1237, -85.2408)",35.12369679195592,-85.2407805592824,152,surface lot,293,False,2026-02-20T14:48:59.464672,OpenStreetMap
"Location (35.0499, -85.3206)",35.04990959301336,-85.32057246681273,149,surface lot,294,False,2026-02-20T14:48:59.464672,OpenStreetMap
"Location (35.0444, -85.3099)",35.04440362016171,-85.309889679243,148,surface lot,295,False,2026-02-20T14:48:59.464672,OpenStreetMap
"Location (35.0075, -85.3910)",35.00748689255336,-85.39104390506222,148,surface lot,296,False,2026-02-20T14:48:59.464672,OpenStreetMap
"Location (35.0565, -85.2797)",35.056483015219875,-85.27966022836407,147,surface lot,297,False,2026-02-20T14:48:59.464672,OpenStreetMap
"Location (35.0400, -85.3066)",35.040030182960805,-85.3065578625652,147,surface lot,298,False,2026-02-20T14:48:59.464672,OpenStreetMap
"Location (35.1287, -85.2139)",35.12869936176326,-85.21389258894169,145,surface lot,299,False,2026-02-20T14:48:59.464672,OpenStreetMap
"Location (35.0467, -85.1549)",35.04670791346054,-85.15489484322836,140,surface lot,300,False,2026-02-20T14:48:59.464672,OpenStreetMap
"Location (35.0632, -85.3124)",35.06324074131926,-85.31239766589742,138,surface lot,301,False,2026-02-20T14:48:59.464672,OpenStreetMap
"Location (35.0072, -85.2079)",35.00720027256749,-85.20787084839509,138,surface lot,302,False,2026-02-20T14:48:59.464672,OpenStreetMap
"Location (35.0959, -85.2549)",35.09591409032697,-85.25493790888186,138,surface lot,303,False,2026-02-20T14:48:59.464672,OpenStreetMap
"Location (35.0833, -85.0578)",35.08328220860072,-85.0577888889841,136,surface lot,304,False,2026-02-20T14:48:59.464672,OpenStreetMap
"Location (35.0463, -85.3099)",35.04632784954526,-85.30990395707938,136,surface lot,305,False,2026-02-20T14:48:59.464672,OpenStreetMap
"Location (35.1201, -85.3055)",35.12014935076904,-85.3054793453956,134,surface lot,306,False,2026-02-20T14:48:59.464672,OpenStreetMap
"Location (35.0469, -85.3216)",35.04689379538786,-85.32156257369326,133,surface lot,307,False,2026-02-20T14:48:59.464672,OpenStreetMap
"Location (35.0493, -85.3052)",35.049342198576475,-85.30521080176429,131,surface lot,308,False,2026-02-20T14:48:59.464672,OpenStreetMap
"Location (35.0601, -85.3027)",35.06010872001944,-85.30266088304532,131,surface lot,309,False,2026-02-20T14:48:59.464672,OpenStreetMap
Unum,35.04997194445893,-85.30490170321282,131,surface lot,310,False,2026-02-20T14:48:59.464672,OpenStreetMap
"Location (35.0609, -85.3222)",35.06091058157827,-85.32217177931587,131,surface lot,311,False,2026-02-20T14:48:59.464672,OpenStreetMap
"Location (35.0608, -85.1881)",35.06083450250172,-85.18812319865961,131,surface lot,312,False,2026-02-20T14:48:59.464672,OpenStreetMap
"Location (35.0429, -85.3052)",35.04294842390034,-85.30518961019767,130,surface lot,313,False,2026-02-20T14:48:59.464672,OpenStreetMap
"Location (35.0871, -85.3372)",35.08712293510083,-85.33722591980943,127,surface lot,314,False,2026-02-20T14:48:59.464672,OpenStreetMap
"Location (35.0109, -85.2239)",35.010875084466264,-85.22392793667348,125,surface lot,315,False,2026-02-20T14:48:59.464672,OpenStreetMap
"Location (35.0818, -85.0849)",35.08180630033613,-85.0848681744363,124,surface lot,316,False,2026-02-20T14:48:59.464672,OpenStreetMap
"Location (35.0377, -85.3131)",35.03774027557905,-85.31313257170261,121,surface lot,317,False,2026-02-20T14:48:59.464672,OpenStreetMap
"Location (35.1511, -85.2485)",35.15106195602219,-85.24853998331838,121,surface lot,318,False,2026-02-20T14:48:59.464672,OpenStreetMap
"Location (35.1221, -85.3072)",35.1220749113612,-85.30717949997839,120,surface lot,319,False,2026-02-20T14:48:59.464672,OpenStreetMap
"Location (35.0453, -85.3062)",35.04533574842015,-85.30624295376832,120,surface lot,320,False,2026-02-20T14:48:59.464672,OpenStreetMap
"Location (35.0476, -85.3019)",35.04761362469807,-85.30192614291391,119,surface lot,321,False,2026-02-20T14:48:59.464672,OpenStreetMap
"Location (35.0542, -85.3069)",35.054239740454946,-85.30691275516311,118,surface lot,322,False,2026-02-20T14:48:59.464672,OpenStreetMap
Short Term Lot,35.03746094701015,-85.19598048868377,118,surface lot,323,False,2026-02-20T14:48:59.464672,OpenStreetMap
"Location (35.0912, -85.2237)",35.09117390527836,-85.22366456152275,117,surface lot,324,False,2026-02-20T14:48:59.464672,OpenStreetMap
"Location (35.1342, -85.2822)",35.13419662343482,-85.28222550172755,117,surface lot,325,False,2026-02-20T14:48:59.464672,OpenStreetMap
"Location (35.0632, -85.3081)",35.063185655534205,-85.3081436553883,116,surface lot,326,False,2026-02-20T14:48:59.464672,OpenStreetMap
"Location (35.0551, -85.3114)",35.055085888970936,-85.31137367819981,116,surface lot,327,False,2026-02-20T14:48:59.464672,OpenStreetMap
"Location (35.0452, -85.3124)",35.04523008816238,-85.31244974235386,115,surface lot,328,False,2026-02-20T14:48:59.464672,OpenStreetMap
"Location (35.0448, -85.3571)",35.0447884850816,-85.35709015182084,115,surface lot,329,False,2026-02-20T14:48:59.464672,OpenStreetMap
"Location (35.0257, -85.2176)",35.02567250272517,-85.21760736203497,114,surface lot,330,False,2026-02-20T14:48:59.464672,OpenStreetMap
"Location (35.0399, -85.3122)",35.03991825629057,-85.31221319297156,114,surface lot,331,False,2026-02-20T14:48:59.464672,OpenStreetMap
"Location (35.1218, -85.2935)",35.12184009409887,-85.2934550083467,113,surface lot,332,False,2026-02-20T14:48:59.464672,OpenStreetMap
"Location (35.1408, -85.2294)",35.140769913412825,-85.22939826892025,113,surface lot,333,False,2026-02-20T14:48:59.464672,OpenStreetMap
"Location (35.1127, -85.2054)",35.112683799033135,-85.20537316127789,112,surface lot,334,False,2026-02-20T14:48:59.464672,OpenStreetMap
"Location (35.1103, -85.2954)",35.1103107795358,-85.2954434404688,112,surface lot,335,False,2026-02-20T14:48:59.464672,OpenStreetMap
"Location (35.0452, -85.1613)",35.04519017083753,-85.16134834596392,111,surface lot,336,False,2026-02-20T14:48:59.464672,OpenStreetMap
"Location (35.0483, -85.3062)",35.04834739504538,-85.30620125917146,111,surface lot,337,False,2026-02-20T14:48:59.464672,OpenStreetMap
"Location (35.0437, -85.3047)",35.0436502885317,-85.30470117135424,111,surface lot,338,False,2026-02-20T14:48:59.464672,OpenStreetMap
"Location (35.0328, -85.3132)",35.03284455889346,-85.31321586208793,109,surface lot,339,False,2026-02-20T14:48:59.464672,OpenStreetMap
"Location (35.0433, -85.1403)",35.04327145310285,-85.14025352428297,108,surface lot,340,False,2026-02-20T14:48:59.464672,OpenStreetMap
"Location (35.0373, -85.3118)",35.03730512794441,-85.3118063260606,108,surface lot,341,False,2026-02-20T14:48:59.464672,OpenStreetMap
"Location (35.0199, -85.3403)",35.01985058743518,-85.34033297301808,108,surface lot,342,False,2026-02-20T14:48:59.464672,OpenStreetMap
"Location (35.0770, -85.2041)",35.07701672882077,-85.20413920155889,108,surface lot,343,False,2026-02-20T14:48:59.464672,OpenStreetMap
"Location (35.0891, -85.1773)",35.08907076879332,-85.17725209756743,108,surface lot,344,False,2026-02-20T14:48:59.464672,OpenStreetMap
"Location (35.0503, -85.3088)",35.050321593009535,-85.3088163274759,107,surface lot,345,False,2026-02-20T14:48:59.464672,OpenStreetMap
"Location (35.1409, -85.1748)",35.140855940139204,-85.17481992596463,107,surface lot,346,False,2026-02-20T14:48:59.464672,OpenStreetMap
"Location (35.0544, -85.3102)",35.054420507023195,-85.310206466985,106,surface lot,347,False,2026-02-20T14:48:59.464672,OpenStreetMap
"Location (35.0184, -85.3377)",35.018375356895966,-85.33771678969289,106,surface lot,348,False,2026-02-20T14:48:59.464672,OpenStreetMap
"Location (35.1020, -85.2747)",35.10199446736073,-85.27469856487515,106,surface lot,349,False,2026-02-20T14:48:59.464672,OpenStreetMap
"Location (35.0904, -85.0655)",35.09035764287096,-85.06554750681825,105,surface lot,350,False,2026-02-20T14:48:59.464672,OpenStreetMap
"Location (35.0441, -85.2791)",35.044064183302446,-85.27912276520064,103,surface lot,351,False,2026-02-20T14:48:59.464672,OpenStreetMap
"Location (35.0362, -85.3051)",35.036217939039275,-85.30511006589795,103,surface lot,352,False,2026-02-20T14:48:59.464672,OpenStreetMap
"Location (35.1099, -85.2164)",35.10989546114602,-85.21638505154309,103,surface lot,353,False,2026-02-20T14:48:59.464672,OpenStreetMap
"Location (35.0058, -85.2325)",35.0058288104562,-85.23252086888061,102,surface lot,354,False,2026-02-20T14:48:59.464672,OpenStreetMap
"Location (35.0655, -85.3108)",35.06551930010186,-85.31081321405098,102,surface lot,355,False,2026-02-20T14:48:59.464672,OpenStreetMap
"Location (35.0318, -85.1846)",35.03183567191634,-85.18456417255284,101,surface lot,356,False,2026-02-20T14:48:59.464672,OpenStreetMap
"Location (35.0628, -85.3110)",35.06277680972257,-85.31104928566432,100,surface lot,357,False,2026-02-20T14:48:59.464672,OpenStreetMap
"Location (35.0465, -85.3051)",35.04652039230297,-85.30514680845815,100,surface lot,358,False,2026-02-20T14:48:59.464672,OpenStreetMap
"Location (35.0308, -85.1743)",35.0308189,-85.1742751,100,surface lot,359,False,2026-02-20T14:48:59.464672,OpenStreetMap
"Location (35.1561, -85.1967)",35.15612026668423,-85.19670835812738,99,surface lot,360,False,2026-02-20T14:48:59.464672,OpenStreetMap
"Location (35.0821, -85.0836)",35.08211326592861,-85.08363682731078,99,surface lot,361,False,2026-02-20T14:48:59.464672,OpenStreetMap
"Location (35.0056, -85.2211)",35.00560995947682,-85.2210744072435,99,surface lot,362,False,2026-02-20T14:48:59.464672,OpenStreetMap
"Location (35.0497, -85.3039)",35.04965364116163,-85.3038803534516,99,surface lot,363,False,2026-02-20T14:48:59.464672,OpenStreetMap
"Location (35.0457, -85.3027)",35.04567076775691,-85.30267997938348,96,surface lot,364,False,2026-02-20T14:48:59.464672,OpenStreetMap
"Location (35.0652, -85.2739)",35.06520817761108,-85.27387004043086,95,surface lot,365,False,2026-02-20T14:48:59.464672,OpenStreetMap
"Location (35.1449, -85.2405)",35.14487566790553,-85.24054894846365,95,surface lot,366,False,2026-02-20T14:48:59.464672,OpenStreetMap
"Location (35.0508, -85.3045)",35.0508336705276,-85.30453083786148,95,surface lot,367,False,2026-02-20T14:48:59.464672,OpenStreetMap
"Location (35.0351, -85.3120)",35.03514836725761,-85.3119754208562,94,surface lot,368,False,2026-02-20T14:48:59.464672,OpenStreetMap
"Location (35.0353, -85.3131)",35.03529105758172,-85.31308630584438,94,surface lot,369,False,2026-02-20T14:48:59.464672,OpenStreetMap
"Location (35.0495, -85.2880)",35.049459479554166,-85.28802447587341,94,surface lot,370,False,2026-02-20T14:48:59.464672,OpenStreetMap
"Location (35.0433, -85.2963)",35.04330814978075,-85.29626579433818,90,surface lot,371,False,2026-02-20T14:48:59.464672,OpenStreetMap
"Location (35.0364, -85.3057)",35.03637417758227,-85.30565160032293,89,surface lot,372,False,2026-02-20T14:48:59.464672,OpenStreetMap
"Location (35.0540, -85.3125)",35.054012233555696,-85.31246526974468,89,surface lot,373,False,2026-02-20T14:48:59.464672,OpenStreetMap
"Location (35.1132, -85.2641)",35.1132070463206,-85.26406523683444,88,surface lot,374,False,2026-02-20T14:48:59.464672,OpenStreetMap
"Location (35.0820, -85.0842)",35.08197616340573,-85.08423363603532,88,surface lot,375,False,2026-02-20T14:48:59.464672,OpenStreetMap
"Location (35.0964, -85.2532)",35.09644843809868,-85.25324195195547,88,surface lot,376,False,2026-02-20T14:48:59.464672,OpenStreetMap
"Location (35.0523, -85.2978)",35.05231990837587,-85.29779047619226,88,surface lot,377,False,2026-02-20T14:48:59.464672,OpenStreetMap
"Location (35.0167, -85.2357)",35.01668526642421,-85.23571866758694,88,surface lot,378,False,2026-02-20T14:48:59.464672,OpenStreetMap
"Location (35.0839, -85.0634)",35.08386728738156,-85.06337475330285,88,surface lot,379,False,2026-02-20T14:48:59.464672,OpenStreetMap
"Location (35.0619, -85.3081)",35.061910366632965,-85.30807203408908,88,surface lot,380,False,2026-02-20T14:48:59.464672,OpenStreetMap
"Location (35.0495, -85.3031)",35.049473202483696,-85.30308461327631,87,surface lot,381,False,2026-02-20T14:48:59.464672,OpenStreetMap
"Location (35.0484, -85.3041)",35.04843744716509,-85.30414019339513,87,surface lot,382,False,2026-02-20T14:48:59.464672,OpenStreetMap
"Location (35.0446, -85.3130)",35.04459331258978,-85.31295266367535,87,surface lot,383,False,2026-02-20T14:48:59.464672,OpenStreetMap
"Location (35.1421, -85.2378)",35.1420635652985,-85.2378025370127,86,surface lot,384,False,2026-02-20T14:48:59.464672,OpenStreetMap
"Location (35.0453, -85.2959)",35.04525983184667,-85.29591510791636,85,surface lot,385,False,2026-02-20T14:48:59.464672,OpenStreetMap
"Location (35.0425, -85.1978)",35.04254272993663,-85.19784879265468,85,surface lot,386,False,2026-02-20T14:48:59.464672,OpenStreetMap
"Location (35.0470, -85.1537)",35.04703628056034,-85.15369297312434,85,surface lot,387,False,2026-02-20T14:48:59.464672,OpenStreetMap
"Location (35.0171, -85.3234)",35.01705219736802,-85.32336403190399,84,surface lot,388,False,2026-02-20T14:48:59.464672,OpenStreetMap
"Location (35.0468, -85.3080)",35.046823346075854,-85.30803514502146,82,surface lot,389,False,2026-02-20T14:48:59.464672,OpenStreetMap
"Location (35.0721, -85.1320)",35.07205558734025,-85.13196324316854,81,surface lot,390,False,2026-02-20T14:48:59.464672,OpenStreetMap
"Location (35.0350, -85.2069)",35.035003055316096,-85.20689474369976,78,surface lot,391,False,2026-02-20T14:48:59.464672,OpenStreetMap
"Location (35.0484, -85.3204)",35.04838912664305,-85.3204107818403,77,surface lot,392,False,2026-02-20T14:48:59.464672,OpenStreetMap
"Location (35.0915, -85.0651)",35.0915082115669,-85.06510482789506,77,surface lot,393,False,2026-02-20T14:48:59.464672,OpenStreetMap
"Location (35.0102, -85.2146)",35.01021659996227,-85.21463525781625,74,surface lot,394,False,2026-02-20T14:48:59.464672,OpenStreetMap
"Location (35.0428, -85.2917)",35.04277132642124,-85.2917155073621,74,surface lot,395,False,2026-02-20T14:48:59.464672,OpenStreetMap
"Location (35.0201, -85.3403)",35.02008211800106,-85.34031429694933,74,surface lot,396,False,2026-02-20T14:48:59.464672,OpenStreetMap
"Location (35.0823, -85.0584)",35.082251533155265,-85.05841486321074,74,surface lot,397,False,2026-02-20T14:48:59.464672,OpenStreetMap
"Location (35.0925, -85.3044)",35.09252922267051,-85.30442067853735,73,surface lot,398,False,2026-02-20T14:48:59.464672,OpenStreetMap
"Location (35.0690, -85.2886)",35.06900404991419,-85.28862971958424,73,surface lot,399,False,2026-02-20T14:48:59.464672,OpenStreetMap
"Location (35.0440, -85.1566)",35.04399147155459,-85.15656223115232,73,surface lot,400,False,2026-02-20T14:48:59.464672,OpenStreetMap
"Location (35.1014, -85.2741)",35.101363525980624,-85.27414118910697,72,surface lot,401,False,2026-02-20T14:48:59.464672,OpenStreetMap
"Location (35.0930, -85.3052)",35.093031688183714,-85.305208213433,72,surface lot,402,False,2026-02-20T14:48:59.464672,OpenStreetMap
"Location (35.0458, -85.3032)",35.045819739506214,-85.30320602208882,71,surface lot,403,False,2026-02-20T14:48:59.464672,OpenStreetMap
"Location (35.0420, -85.3024)",35.0420418987999,-85.30242816346835,71,surface lot,404,False,2026-02-20T14:48:59.464672,OpenStreetMap
"Location (35.0361, -85.3092)",35.036137545725175,-85.30923749843295,71,surface lot,405,False,2026-02-20T14:48:59.464672,OpenStreetMap
"Location (35.0507, -85.3050)",35.05069797480284,-85.30502034904833,71,surface lot,406,False,2026-02-20T14:48:59.464672,OpenStreetMap
"Location (35.1551, -85.2482)",35.1550621279136,-85.24822830163262,71,surface lot,407,False,2026-02-20T14:48:59.464672,OpenStreetMap
"Location (35.0106, -85.2120)",35.01058804943503,-85.21199105859314,71,surface lot,408,False,2026-02-20T14:48:59.464672,OpenStreetMap
"Location (35.1526, -85.2421)",35.152574598550025,-85.24213388215489,70,surface lot,409,False,2026-02-20T14:48:59.464672,OpenStreetMap
"Location (35.1467, -85.2214)",35.146661986628786,-85.22144916671827,70,surface lot,410,False,2026-02-20T14:48:59.464672,OpenStreetMap
"Location (35.1243, -85.3020)",35.12425403235082,-85.30197989902092,70,surface lot,411,False,2026-02-20T14:48:59.464672,OpenStreetMap
"Location (35.0613, -85.3093)",35.06125289864448,-85.30925758049517,69,surface lot,412,False,2026-02-20T14:48:59.464672,OpenStreetMap
"Location (35.0341, -85.2065)",35.034119209730186,-85.20651550314132,69,surface lot,413,False,2026-02-20T14:48:59.464672,OpenStreetMap
"Location (35.0455, -85.1624)",35.045492110108256,-85.16237576889189,67,surface lot,414,False,2026-02-20T14:48:59.464672,OpenStreetMap
"Location (35.0439, -85.3057)",35.04393614872973,-85.30568090002332,67,surface lot,415,False,2026-02-20T14:48:59.464672,OpenStreetMap
"Location (35.0116, -85.2134)",35.01156529734761,-85.21342631577687,66,surface lot,416,False,2026-02-20T14:48:59.464672,OpenStreetMap
"Location (35.0476, -85.3068)",35.04757378607601,-85.30677592766769,65,surface lot,417,False,2026-02-20T14:48:59.464672,OpenStreetMap
"Location (35.0909, -85.0653)",35.09087226322973,-85.06530047185157,65,surface lot,418,False,2026-02-20T14:48:59.464672,OpenStreetMap
"Location (35.0493, -85.3135)",35.049318894773336,-85.31352727633838,65,surface lot,419,False,2026-02-20T14:48:59.464672,OpenStreetMap
"Location (35.0127, -85.2288)",35.01273842930068,-85.22879359389265,65,surface lot,420,False,2026-02-20T14:48:59.464672,OpenStreetMap
"Location (35.0266, -85.2538)",35.02661247820976,-85.25382361212543,64,surface lot,421,False,2026-02-20T14:48:59.464672,OpenStreetMap
"Location (35.0512, -85.3101)",35.05116114127173,-85.3101480390994,63,surface lot,422,False,2026-02-20T14:48:59.464672,OpenStreetMap
"Location (35.0323, -85.1858)",35.03233663793065,-85.18576456392432,63,surface lot,423,False,2026-02-20T14:48:59.464672,OpenStreetMap
"Location (35.1284, -85.1973)",35.12835282282113,-85.19734340712046,61,surface lot,424,False,2026-02-20T14:48:59.464672,OpenStreetMap
"Location (35.0407, -85.3074)",35.04066289970974,-85.30736986468823,60,surface lot,425,False,2026-02-20T14:48:59.464672,OpenStreetMap
"Location (35.0651, -85.3101)",35.06507799644751,-85.3101291208222,59,surface lot,426,False,2026-02-20T14:48:59.464672,OpenStreetMap
"Location (35.0628, -85.3131)",35.06284820128521,-85.31314002259259,59,surface lot,427,False,2026-02-20T14:48:59.464672,OpenStreetMap
"Location (35.1095, -85.2188)",35.10954587687409,-85.21883040947594,59,surface lot,428,False,2026-02-20T14:48:59.464672,OpenStreetMap
"Location (35.0557, -85.1862)",35.05567701966165,-85.18622722425081,59,surface lot,429,False,2026-02-20T14:48:59.464672,OpenStreetMap
"Location (35.0120, -85.1584)",35.01201514997338,-85.15842511281159,59,surface lot,430,False,2026-02-20T14:48:59.464672,OpenStreetMap
48,35.04533040257817,-85.30076733272011,59,surface lot,431,False,2026-02-20T14:48:59.464672,OpenStreetMap
"Location (35.0532, -85.1858)",35.05323770060779,-85.18575435218489,58,surface lot,432,False,2026-02-20T14:48:59.464672,OpenStreetMap
"Location (35.0353, -85.3087)",35.035300031234875,-85.3086620618421,58,surface lot,433,False,2026-02-20T14:48:59.464672,OpenStreetMap
"Location (35.0463, -85.3123)",35.04634348389672,-85.31227924790477,58,surface lot,434,False,2026-02-20T14:48:59.464672,OpenStreetMap
"Location (35.0490, -85.3042)",35.04897282820741,-85.30419297782,57,surface lot,435,False,2026-02-20T14:48:59.464672,OpenStreetMap
"Location (35.0614, -85.2981)",35.06139175647579,-85.29810827325541,57,surface lot,436,False,2026-02-20T14:48:59.464672,OpenStreetMap
"Location (35.0566, -85.1256)",35.056628929318364,-85.12559567065875,57,surface lot,437,False,2026-02-20T14:48:59.464672,OpenStreetMap
"Location (35.1021, -85.2307)",35.10208302342428,-85.23066484428142,56,surface lot,438,False,2026-02-20T14:48:59.464672,OpenStreetMap
"Location (35.0686, -85.2890)",35.06859740891066,-85.2889725503452,56,surface lot,439,False,2026-02-20T14:48:59.464672,OpenStreetMap
"Location (35.1558, -85.2481)",35.15578097425068,-85.24810668034532,55,surface lot,440,False,2026-02-20T14:48:59.464672,OpenStreetMap
"Location (35.1225, -85.2404)",35.122517242581,-85.24037523135391,53,surface lot,441,False,2026-02-20T14:48:59.464672,OpenStreetMap
"Location (35.1080, -85.2169)",35.10796857473961,-85.21689515670239,53,surface lot,442,False,2026-02-20T14:48:59.464672,OpenStreetMap
"Location (35.0103, -85.2126)",35.01027653041836,-85.21262374866188,53,surface lot,443,False,2026-02-20T14:48:59.464672,OpenStreetMap
"Location (35.0226, -85.3200)",35.022564542504966,-85.31998661322025,53,surface lot,444,False,2026-02-20T14:48:59.464672,OpenStreetMap
"Location (35.0103, -85.2197)",35.01031428402828,-85.21967875992327,52,surface lot,445,False,2026-02-20T14:48:59.464672,OpenStreetMap
"Location (35.0412, -85.2989)",35.04121288401757,-85.29887372471157,52,surface lot,446,False,2026-02-20T14:48:59.464672,OpenStreetMap
"Location (35.0628, -85.3062)",35.062820035655704,-85.306206448451,52,surface lot,447,False,2026-02-20T14:48:59.464672,OpenStreetMap
"Location (35.0480, -85.3132)",35.04798505534965,-85.3132320032941,52,surface lot,448,False,2026-02-20T14:48:59.464672,OpenStreetMap
"Location (35.0507, -85.3113)",35.05073522874692,-85.31126268550427,51,surface lot,449,False,2026-02-20T14:48:59.464672,OpenStreetMap
"Location (35.1269, -85.2158)",35.126900030548434,-85.21584547658117,51,surface lot,450,False,2026-02-20T14:48:59.464672,OpenStreetMap
"Location (35.0410, -85.3059)",35.04099605785371,-85.30590317473718,51,surface lot,451,False,2026-02-20T14:48:59.464672,OpenStreetMap
"Location (35.1537, -85.2483)",35.153688643101745,-85.24830080642108,51,surface lot,452,False,2026-02-20T14:48:59.464672,OpenStreetMap
"Location (35.0450, -85.3115)",35.04501257872872,-85.31145640465141,51,surface lot,453,False,2026-02-20T14:48:59.464672,OpenStreetMap
"Location (35.0506, -85.1328)",35.050604284507,-85.13281330436963,50,surface lot,454,False,2026-02-20T14:48:59.464672,OpenStreetMap
"Location (35.0630, -85.3031)",35.06297766958749,-85.30314032813763,50,surface lot,455,False,2026-02-20T14:48:59.464672,OpenStreetMap
"Location (35.0488, -85.3039)",35.04882878220551,-85.30387725883605,50,surface lot,456,False,2026-02-20T14:48:59.464672,OpenStreetMap
"Location (35.0345, -85.3072)",35.03452393762402,-85.3071801023775,50,surface lot,457,False,2026-02-20T14:48:59.464672,OpenStreetMap
"Location (35.0308, -85.2699)",35.03082361484079,-85.26989151087975,50,surface lot,458,False,2026-02-20T14:48:59.464672,OpenStreetMap
