parking_id,name,num_stops_1200m,total_daily_trips,total_routes,nearest_stop_distance_m,avg_walk_distance_m,scenario,buffer_distance_m,has_adequate_transit,trips_per_stop,stops_score,frequency_score,reliability_score,proximity_score,diversity_score,accessibility_score,service_quality,reliability_class,rank_extended
403,"Location (35.0458, -85.3032)",234,33452,677,80,738,extended,1200,True,142.95726495726495,97.5,100.0,100,99.2,100.0,99.25,excellent,High Reliability,1
320,"Location (35.0453, -85.3062)",238,32572,638,70,682,extended,1200,True,136.85714285714286,99.17,97.37,100,99.3,94.24,98.32,excellent,High Reliability,2
364,"Location (35.0457, -85.3027)",231,32590,671,70,747,extended,1200,True,141.08225108225108,96.25,97.42,100,99.3,99.11,98.1,excellent,High Reliability,3
338,"Location (35.0437, -85.3047)",240,31455,640,58,727,extended,1200,True,131.0625,100.0,94.03,100,99.42,94.53,97.58,excellent,High Reliability,4
205,"Location (35.0463, -85.3041)",227,32623,656,58,701,extended,1200,True,143.7136563876652,94.58,97.52,100,99.42,96.9,97.51,excellent,High Reliability,5
415,"Location (35.0439, -85.3057)",239,31660,628,52,702,extended,1200,True,132.46861924686192,99.58,94.64,100,99.48,92.76,97.49,excellent,High Reliability,6
431,48,225,32088,669,49,800,extended,1200,True,142.61333333333334,93.75,95.92,100,99.51,98.82,97.02,excellent,High Reliability,7
113,"Location (35.0468, -85.3023)",220,32397,655,58,739,extended,1200,True,147.2590909090909,91.67,96.85,100,99.42,96.75,96.56,excellent,High Reliability,8
358,"Location (35.0465, -85.3051)",225,31971,639,67,675,extended,1200,True,142.09333333333333,93.75,95.57,100,99.33,94.39,96.45,excellent,High Reliability,9
321,"Location (35.0476, -85.3019)",215,32270,650,91,748,extended,1200,True,150.09302325581396,89.58,96.47,100,99.09,96.01,95.8,excellent,High Reliability,10
313,"Location (35.0429, -85.3052)",234,30763,596,48,718,extended,1200,True,131.46581196581195,97.5,91.96,100,99.52,88.04,95.7,excellent,High Reliability,11
389,"Location (35.0468, -85.3080)",224,31170,608,130,643,extended,1200,True,139.15178571428572,93.33,93.18,100,98.7,89.81,95.07,excellent,High Reliability,12
295,"Location (35.0444, -85.3099)",227,30870,578,39,655,extended,1200,True,135.99118942731278,94.58,92.28,100,99.61,85.38,94.81,excellent,High Reliability,13
417,"Location (35.0476, -85.3068)",215,31146,609,106,641,extended,1200,True,144.86511627906978,89.58,93.11,100,98.94,89.96,94.16,excellent,High Reliability,14
404,"Location (35.0420, -85.3024)",224,29587,593,38,782,extended,1200,True,132.08482142857142,93.33,88.45,100,99.62,87.59,93.57,excellent,High Reliability,15
382,"Location (35.0484, -85.3041)",208,30700,629,87,683,extended,1200,True,147.59615384615384,86.67,91.77,100,99.13,92.91,93.36,excellent,High Reliability,16
305,"Location (35.0463, -85.3099)",219,30294,571,49,634,extended,1200,True,138.32876712328766,91.25,90.56,100,99.51,84.34,93.34,excellent,High Reliability,17
337,"Location (35.0483, -85.3062)",208,30782,615,98,645,extended,1200,True,147.9903846153846,86.67,92.02,100,99.02,90.84,93.21,excellent,High Reliability,18
453,"Location (35.0450, -85.3115)",215,29741,545,37,664,extended,1200,True,138.33023255813953,89.58,88.91,100,99.63,80.5,92.06,excellent,High Reliability,19
456,"Location (35.0488, -85.3039)",201,30057,617,78,682,extended,1200,True,149.53731343283582,83.75,89.85,100,99.22,91.14,91.89,excellent,High Reliability,20
435,"Location (35.0490, -85.3042)",201,30057,617,106,678,extended,1200,True,149.53731343283582,83.75,89.85,100,98.94,91.14,91.85,excellent,High Reliability,21
381,"Location (35.0495, -85.3031)",198,30208,620,62,715,extended,1200,True,152.56565656565655,82.5,90.3,100,99.38,91.58,91.78,excellent,High Reliability,22
292,"Location (35.0443, -85.3118)",215,29622,526,46,683,extended,1200,True,137.7767441860465,89.58,88.55,100,99.54,77.7,91.66,excellent,High Reliability,23
363,"Location (35.0497, -85.3039)",198,29804,610,113,700,extended,1200,True,150.5252525252525,82.5,89.09,100,98.87,90.1,91.19,excellent,High Reliability,24
308,"Location (35.0493, -85.3052)",199,29371,598,204,664,extended,1200,True,147.5929648241206,82.92,87.8,100,97.96,88.33,90.6,excellent,High Reliability,25
328,"Location (35.0452, -85.3124)",208,29031,528,70,685,extended,1200,True,139.5721153846154,86.67,86.78,100,99.3,77.99,90.4,excellent,High Reliability,26
434,"Location (35.0463, -85.3123)",205,29105,543,159,672,extended,1200,True,141.97560975609755,85.42,87.01,100,98.41,80.21,90.24,excellent,High Reliability,27
61,"Location (35.0417, -85.3073)",218,27928,492,113,681,extended,1200,True,128.11009174311926,90.83,83.49,100,98.87,72.67,89.85,excellent,High Reliability,28
310,Unum,193,29167,596,207,676,extended,1200,True,151.12435233160622,80.42,87.19,100,97.93,88.04,89.75,excellent,High Reliability,29
268,"Location (35.0417, -85.2999)",208,27751,557,73,833,extended,1200,True,133.41826923076923,86.67,82.96,100,99.27,82.27,89.67,excellent,High Reliability,30
383,"Location (35.0446, -85.3130)",205,28414,498,63,702,extended,1200,True,138.60487804878048,85.42,84.94,100,99.37,73.56,89.1,excellent,High Reliability,31
367,"Location (35.0508, -85.3045)",190,28660,592,150,711,extended,1200,True,150.8421052631579,79.17,85.67,100,98.5,87.44,89.01,excellent,High Reliability,32
252,"Location (35.0477, -85.3121)",194,28498,537,134,653,extended,1200,True,146.89690721649484,80.83,85.19,100,98.66,79.32,88.5,excellent,High Reliability,33
406,"Location (35.0507, -85.3050)",188,28028,576,165,690,extended,1200,True,149.08510638297872,78.33,83.79,100,98.35,85.08,87.98,excellent,High Reliability,34
291,"Location (35.0427, -85.2985)",197,25911,563,70,848,extended,1200,True,131.5279187817259,82.08,77.46,100,99.3,83.16,86.97,excellent,High Reliability,35
451,"Location (35.0410, -85.3059)",204,26895,439,157,682,extended,1200,True,131.83823529411765,85.0,80.4,100,98.43,64.84,86.62,excellent,High Reliability,36
448,"Location (35.0480, -85.3132)",187,27162,514,230,691,extended,1200,True,145.25133689839572,77.92,81.2,100,97.7,75.92,86.09,excellent,High Reliability,37
425,"Location (35.0407, -85.3074)",201,26424,436,63,662,extended,1200,True,131.46268656716418,83.75,78.99,100,99.37,64.4,85.98,excellent,High Reliability,38
345,"Location (35.0503, -85.3088)",183,26949,530,73,619,extended,1200,True,147.2622950819672,76.25,80.56,100,99.27,78.29,85.95,excellent,High Reliability,39
290,"Location (35.0503, -85.3092)",183,26825,517,42,620,extended,1200,True,146.5846994535519,76.25,80.19,100,99.58,76.37,85.69,excellent,High Reliability,40
125,"Location (35.0516, -85.3070)",178,26285,545,71,674,extended,1200,True,147.6685393258427,74.17,78.58,100,99.29,80.5,85.06,excellent,High Reliability,41
283,"Location (35.0485, -85.3134)",180,26432,503,252,692,extended,1200,True,146.84444444444443,75.0,79.01,100,97.48,74.3,84.51,excellent,High Reliability,42
446,"Location (35.0412, -85.2989)",195,24274,505,41,851,extended,1200,True,124.48205128205129,81.25,72.56,100,99.59,74.59,84.48,excellent,High Reliability,43
298,"Location (35.0400, -85.3066)",194,25477,417,104,672,extended,1200,True,131.32474226804123,80.83,76.16,100,98.96,61.6,84.06,excellent,High Reliability,44
419,"Location (35.0493, -85.3135)",176,25812,493,252,709,extended,1200,True,146.6590909090909,73.33,77.16,100,97.48,72.82,83.39,excellent,High Reliability,45
422,"Location (35.0512, -85.3101)",173,25578,498,29,636,extended,1200,True,147.84971098265896,72.08,76.46,100,99.71,73.56,83.27,excellent,High Reliability,46
449,"Location (35.0507, -85.3113)",172,25354,497,44,646,extended,1200,True,147.40697674418604,71.67,75.79,100,99.56,73.41,82.93,excellent,High Reliability,47
222,32,174,23600,556,65,825,extended,1200,True,135.632183908046,72.5,70.55,100,99.35,82.13,82.4,excellent,High Reliability,48
267,"Location (35.0507, -85.3124)",168,25246,493,144,681,extended,1200,True,150.27380952380952,70.0,75.47,100,98.56,72.82,82.21,excellent,High Reliability,49
211,"Location (35.0503, -85.3132)",165,24932,478,225,697,extended,1200,True,151.1030303030303,68.75,74.53,100,97.75,70.61,81.27,excellent,High Reliability,50
106,"Location (35.0463, -85.3161)",170,24603,440,200,784,extended,1200,True,144.7235294117647,70.83,73.55,100,98.0,64.99,80.97,excellent,High Reliability,51
284,33,170,22414,551,63,856,extended,1200,True,131.8470588235294,70.83,67.0,100,99.37,81.39,80.85,excellent,High Reliability,52
242,"Location (35.0389, -85.3084)",182,23454,393,91,672,extended,1200,True,128.86813186813185,75.83,70.11,100,99.09,58.05,80.66,excellent,High Reliability,53
331,"Location (35.0399, -85.3122)",179,23811,394,181,703,extended,1200,True,133.0223463687151,74.58,71.18,100,98.19,58.2,80.55,excellent,High Reliability,54
249,"Location (35.0405, -85.3140)",169,22856,378,76,730,extended,1200,True,135.24260355029585,70.42,68.32,100,99.24,55.83,78.57,excellent,High Reliability,55
25,"Location (35.0486, -85.3163)",157,23221,429,299,795,extended,1200,True,147.9044585987261,65.42,69.42,100,97.01,63.37,78.07,excellent,High Reliability,56
157,"Location (35.0387, -85.3114)",169,22126,373,71,693,extended,1200,True,130.92307692307693,70.42,66.14,100,99.29,55.1,77.85,excellent,High Reliability,57
322,"Location (35.0542, -85.3069)",152,21957,470,79,743,extended,1200,True,144.45394736842104,63.33,65.64,100,99.21,69.42,77.35,excellent,High Reliability,58
287,"Location (35.0529, -85.3128)",150,22232,445,111,758,extended,1200,True,148.21333333333334,62.5,66.46,100,98.89,65.73,76.97,excellent,High Reliability,59
137,"Location (35.0505, -85.3152)",150,22416,430,375,770,extended,1200,True,149.44,62.5,67.01,100,96.25,63.52,76.52,excellent,High Reliability,60
352,"Location (35.0362, -85.3051)",175,20114,335,92,786,extended,1200,True,114.93714285714286,72.92,60.13,100,99.08,49.48,76.08,excellent,High Reliability,61
372,"Location (35.0364, -85.3057)",175,19913,337,95,774,extended,1200,True,113.78857142857143,72.92,59.53,100,99.05,49.78,75.92,excellent,High Reliability,62
160,"Location (35.0471, -85.3177)",148,22109,393,100,838,extended,1200,True,149.38513513513513,61.67,66.09,100,99.0,58.05,75.9,excellent,High Reliability,63
347,"Location (35.0544, -85.3102)",141,21080,424,43,724,extended,1200,True,149.5035460992908,58.75,63.02,100,99.57,62.63,74.79,excellent,High Reliability,64
371,"Location (35.0433, -85.2963)",153,18662,444,71,831,extended,1200,True,121.97385620915033,63.75,55.79,100,99.29,65.58,74.13,excellent,High Reliability,65
373,"Location (35.0540, -85.3125)",138,20561,412,105,765,extended,1200,True,148.9927536231884,57.5,61.46,100,98.95,60.86,73.74,excellent,High Reliability,66
317,"Location (35.0377, -85.3131)",151,19508,327,77,738,extended,1200,True,129.19205298013244,62.92,58.32,100,99.23,48.3,72.94,excellent,High Reliability,67
341,"Location (35.0373, -85.3118)",151,18790,318,55,708,extended,1200,True,124.43708609271523,62.92,56.17,100,99.45,46.97,72.19,excellent,High Reliability,68
18,"Location (35.0379, -85.3148)",144,18898,306,99,784,extended,1200,True,131.23611111111111,60.0,56.49,100,99.01,45.2,71.32,excellent,High Reliability,69
405,"Location (35.0361, -85.3092)",151,17851,305,78,719,extended,1200,True,118.21854304635761,62.92,53.36,100,99.22,45.05,71.13,excellent,High Reliability,70
327,"Location (35.0551, -85.3114)",131,17876,386,86,765,extended,1200,True,136.45801526717557,54.58,53.44,100,99.14,57.02,70.25,excellent,High Reliability,71
433,"Location (35.0353, -85.3087)",148,16945,285,86,751,extended,1200,True,114.49324324324324,61.67,50.65,100,99.14,42.1,69.69,excellent,High Reliability,72
377,"Location (35.0523, -85.2978)",127,16333,446,143,882,extended,1200,True,128.60629921259843,52.92,48.83,100,98.57,65.88,69.25,excellent,High Reliability,73
224,"Location (35.0470, -85.2966)",133,14740,449,137,762,extended,1200,True,110.82706766917293,55.42,44.06,100,98.63,66.32,68.5,excellent,High Reliability,74
457,"Location (35.0345, -85.3072)",149,15388,277,87,789,extended,1200,True,103.2751677852349,62.08,46.0,100,99.13,40.92,68.28,excellent,High Reliability,75
368,"Location (35.0351, -85.3120)",130,16148,255,58,752,extended,1200,True,124.21538461538462,54.17,48.27,100,99.42,37.67,66.7,excellent,High Reliability,76
369,"Location (35.0353, -85.3131)",128,16157,253,52,772,extended,1200,True,126.2265625,53.33,48.3,100,99.48,37.37,66.48,excellent,High Reliability,77
253,"Location (35.0448, -85.3203)",110,17337,276,44,926,extended,1200,True,157.6090909090909,45.83,51.83,100,99.56,40.77,66.02,excellent,High Reliability,78
392,"Location (35.0484, -85.3204)",103,17301,265,43,932,extended,1200,True,167.97087378640776,42.92,51.72,100,99.57,39.14,65.09,excellent,High Reliability,79
77,"Location (35.0373, -85.3177)",114,15657,227,311,885,extended,1200,True,137.3421052631579,47.5,46.8,100,96.89,33.53,63.8,excellent,High Reliability,80
270,"Location (35.0349, -85.3148)",114,14837,211,165,817,extended,1200,True,130.14912280701753,47.5,44.35,100,98.35,31.17,63.05,excellent,High Reliability,81
385,"Location (35.0453, -85.2959)",114,12292,345,71,700,extended,1200,True,107.82456140350877,47.5,36.75,100,99.29,50.96,62.89,excellent,High Reliability,82
179,"Location (35.0484, -85.3213)",93,15979,235,113,973,extended,1200,True,171.81720430107526,38.75,47.77,100,98.87,34.71,62.32,excellent,High Reliability,83
294,"Location (35.0499, -85.3206)",96,15346,240,173,956,extended,1200,True,159.85416666666666,40.0,45.87,100,98.27,35.45,62.05,excellent,High Reliability,84
191,"Location (35.0469, -85.2948)",107,11923,330,45,704,extended,1200,True,111.42990654205607,44.58,35.64,100,99.55,48.74,61.65,excellent,High Reliability,85
116,"Location (35.0350, -85.3162)",105,14102,194,296,854,extended,1200,True,134.3047619047619,43.75,42.16,100,97.04,28.66,61.01,excellent,High Reliability,86
52,"Location (35.0554, -85.3148)",99,13343,283,352,821,extended,1200,True,134.77777777777777,41.25,39.89,100,96.48,41.8,60.93,excellent,High Reliability,87
255,"Location (35.0490, -85.2944)",98,11739,322,60,726,extended,1200,True,119.78571428571429,40.83,35.09,100,99.4,47.56,60.4,excellent,High Reliability,88
307,"Location (35.0469, -85.3216)",86,14814,224,119,964,extended,1200,True,172.25581395348837,35.83,44.28,100,98.81,33.09,60.37,excellent,High Reliability,89
108,"Location (35.0480, -85.2928)",95,11312,312,76,737,extended,1200,True,119.07368421052631,39.58,33.82,100,99.24,46.09,59.54,excellent,High Reliability,90
395,"Location (35.0428, -85.2917)",93,10388,278,79,752,extended,1200,True,111.6989247311828,38.75,31.05,100,99.21,41.06,57.99,excellent,High Reliability,91
254,"Location (35.0401, -85.2715)",130,6963,216,78,753,extended,1200,True,53.56153846153846,54.17,20.81,100,99.22,31.91,57.86,excellent,High Reliability,92
197,"Location (35.0457, -85.2877)",86,9370,299,89,781,extended,1200,True,108.95348837209302,35.83,28.01,100,99.11,44.17,56.64,excellent,High Reliability,93
165,"Location (35.0439, -85.2878)",86,9418,296,100,776,extended,1200,True,109.51162790697674,35.83,28.15,100,99.0,43.72,56.63,excellent,High Reliability,94
175,"Location (35.0322, -85.2740)",115,6998,131,64,776,extended,1200,True,60.85217391304348,47.92,20.92,100,99.36,19.35,55.09,excellent,High Reliability,95
169,"Location (35.0316, -85.3046)",106,7954,151,348,821,extended,1200,True,75.0377358490566,44.17,23.78,100,96.52,22.3,54.88,excellent,High Reliability,96
136,"Location (35.0434, -85.2808)",89,7788,251,76,783,extended,1200,True,87.50561797752809,37.08,23.28,100,99.24,37.08,54.85,excellent,High Reliability,97
339,"Location (35.0328, -85.3132)",90,9162,149,56,752,extended,1200,True,101.8,37.5,27.39,100,99.44,22.01,54.71,excellent,High Reliability,98
28,"Location (35.0404, -85.3213)",75,11035,146,144,935,extended,1200,True,147.13333333333333,31.25,32.99,100,98.56,21.57,54.65,excellent,High Reliability,99
119,"Location (35.0438, -85.2821)",83,8215,259,133,785,extended,1200,True,98.97590361445783,34.58,24.56,100,98.67,38.26,54.64,excellent,High Reliability,100
220,"Location (35.0394, -85.2659)",118,5824,138,104,743,extended,1200,True,49.355932203389834,49.17,17.41,100,98.96,20.38,54.4,excellent,High Reliability,101
239,"Location (35.0361, -85.2689)",115,6264,135,183,680,extended,1200,True,54.469565217391306,47.92,18.73,100,98.17,19.94,54.32,excellent,High Reliability,102
351,"Location (35.0441, -85.2791)",90,7035,237,47,758,extended,1200,True,78.16666666666667,37.5,21.03,100,99.53,35.01,54.11,excellent,High Reliability,103
370,"Location (35.0495, -85.2880)",72,8534,296,283,815,extended,1200,True,118.52777777777777,30.0,25.51,100,97.17,43.72,54.1,excellent,High Reliability,104
309,"Location (35.0601, -85.3027)",83,8017,219,158,897,extended,1200,True,96.59036144578313,34.58,23.97,100,98.42,32.35,53.83,excellent,High Reliability,105
171,"Location (35.0612, -85.3059)",84,7952,210,113,835,extended,1200,True,94.66666666666667,35.0,23.77,100,98.87,31.02,53.81,excellent,High Reliability,106
412,"Location (35.0613, -85.3093)",82,8205,194,155,802,extended,1200,True,100.0609756097561,34.17,24.53,100,98.45,28.66,53.53,excellent,High Reliability,107
110,"Location (35.0308, -85.3055)",94,7641,137,299,809,extended,1200,True,81.2872340425532,39.17,22.84,100,97.01,20.24,53.22,excellent,High Reliability,108
149,"Location (35.0346, -85.2698)",106,5881,122,71,653,extended,1200,True,55.4811320754717,44.17,17.58,100,99.29,18.02,53.01,excellent,High Reliability,109
458,"Location (35.0308, -85.2699)",105,6051,111,60,740,extended,1200,True,57.628571428571426,43.75,18.09,100,99.4,16.4,52.91,excellent,High Reliability,110
265,"Location (35.0373, -85.2639)",111,5218,123,243,761,extended,1200,True,47.009009009009006,46.25,15.6,100,97.57,18.17,52.69,excellent,High Reliability,111
263,"Location (35.0499, -85.2870)",66,7627,291,343,815,extended,1200,True,115.56060606060606,27.5,22.8,100,96.57,42.98,52.5,excellent,High Reliability,112
275,"Location (35.0545, -85.3196)",68,9733,171,678,972,extended,1200,True,143.13235294117646,28.33,29.1,100,93.22,25.26,52.32,excellent,High Reliability,113
60,"Location (35.0346, -85.2663)",105,5455,117,182,689,extended,1200,True,51.95238095238095,43.75,16.31,100,98.18,17.28,52.28,excellent,High Reliability,114
380,"Location (35.0619, -85.3081)",77,7302,177,73,787,extended,1200,True,94.83116883116882,32.08,21.83,100,99.27,26.14,52.07,excellent,High Reliability,115
73,"Location (35.0339, -85.2680)",100,5423,112,62,647,extended,1200,True,54.23,41.67,16.21,100,99.38,16.54,51.84,excellent,High Reliability,116
21,"Location (35.0295, -85.3069)",88,6521,121,258,853,extended,1200,True,74.10227272727273,36.67,19.49,100,97.42,17.87,51.42,excellent,High Reliability,117
279,"Location (35.0411, -85.2619)",107,4238,117,238,810,extended,1200,True,39.60747663551402,44.58,12.67,100,97.62,17.28,51.32,excellent,High Reliability,118
226,"Location (35.0600, -85.3011)",70,6786,212,266,898,extended,1200,True,96.94285714285714,29.17,20.29,100,97.34,31.31,51.11,excellent,High Reliability,119
271,"Location (35.0494, -85.2763)",75,4650,246,58,804,extended,1200,True,62.0,31.25,13.9,100,99.42,36.34,50.53,excellent,High Reliability,120
247,"Location (35.0487, -85.2783)",71,5193,244,85,796,extended,1200,True,73.14084507042253,29.58,15.52,100,99.15,36.04,50.53,excellent,High Reliability,121
259,"Location (35.0257, -85.2775)",86,5107,90,76,812,extended,1200,True,59.383720930232556,35.83,15.27,100,99.24,13.29,49.75,excellent,High Reliability,122
357,"Location (35.0628, -85.3110)",66,6132,136,78,775,extended,1200,True,92.9090909090909,27.5,18.33,100,99.22,20.09,49.27,excellent,High Reliability,123
447,"Location (35.0628, -85.3062)",64,5971,153,55,756,extended,1200,True,93.296875,26.67,17.85,100,99.45,22.6,49.2,excellent,High Reliability,124
260,"Location (35.0441, -85.2600)",92,2716,96,251,785,extended,1200,True,29.52173913043478,38.33,8.12,100,97.49,14.18,48.06,excellent,High Reliability,125
236,"Location (35.0401, -85.2587)",85,3157,88,66,858,extended,1200,True,37.141176470588235,35.42,9.44,100,99.34,13.0,47.89,excellent,High Reliability,126
326,"Location (35.0632, -85.3081)",57,5335,118,58,680,extended,1200,True,93.59649122807018,23.75,15.95,100,99.42,17.43,47.38,excellent,High Reliability,127
120,"Location (35.0456, -85.2590)",87,2517,90,191,774,extended,1200,True,28.93103448275862,36.25,7.52,100,98.09,13.29,47.36,excellent,High Reliability,128
152,"Location (35.0228, -85.2752)",72,4119,80,157,770,extended,1200,True,57.208333333333336,30.0,12.31,100,98.43,11.82,47.14,excellent,High Reliability,129
31,"Location (35.0462, -85.3227)",42,8057,49,244,859,extended,1200,True,191.83333333333334,17.5,24.09,100,97.56,7.24,46.96,excellent,High Reliability,130
176,"Location (35.0433, -85.2582)",82,2408,85,72,819,extended,1200,True,29.365853658536587,34.17,7.2,100,99.28,12.56,46.85,excellent,High Reliability,131
282,"Location (35.0090, -85.3241)",65,4574,69,102,704,extended,1200,True,70.36923076923077,27.08,13.67,100,98.98,10.19,46.74,excellent,High Reliability,132
103,"Location (35.0575, -85.2541)",82,2119,88,67,737,extended,1200,True,25.841463414634145,34.17,6.33,100,99.33,13.0,46.64,excellent,High Reliability,133
67,"Location (35.0378, -85.2588)",75,3211,78,215,824,extended,1200,True,42.81333333333333,31.25,9.6,100,97.85,11.52,46.52,excellent,High Reliability,134
427,"Location (35.0628, -85.3131)",53,4943,105,136,744,extended,1200,True,93.26415094339623,22.08,14.78,100,98.64,15.51,46.3,excellent,High Reliability,135
131,"Location (35.0588, -85.2533)",78,2137,83,102,715,extended,1200,True,27.397435897435898,32.5,6.39,100,98.98,12.26,46.11,excellent,High Reliability,136
117,"Location (35.0101, -85.3267)",59,4124,63,99,705,extended,1200,True,69.89830508474576,24.58,12.33,100,99.01,9.31,45.63,excellent,High Reliability,137
128,"Location (35.0543, -85.2811)",41,3832,212,159,938,extended,1200,True,93.46341463414635,17.08,11.46,100,98.41,31.31,45.6,excellent,High Reliability,138
455,"Location (35.0630, -85.3031)",55,3885,111,189,788,extended,1200,True,70.63636363636364,22.92,11.61,100,98.11,16.4,45.57,excellent,High Reliability,139
207,"Location (35.0155, -85.3245)",57,4104,61,59,650,extended,1200,True,72.0,23.75,12.27,100,99.41,9.01,45.43,excellent,High Reliability,140
388,"Location (35.0171, -85.3234)",56,4029,60,68,647,extended,1200,True,71.94642857142857,23.33,12.04,100,99.32,8.86,45.23,excellent,High Reliability,141
198,"Location (35.0546, -85.2827)",37,4036,201,206,957,extended,1200,True,109.08108108108108,15.42,12.07,100,97.94,29.69,45.13,excellent,High Reliability,142
301,"Location (35.0632, -85.3124)",47,4314,91,172,658,extended,1200,True,91.7872340425532,19.58,12.9,100,98.28,13.44,44.85,excellent,High Reliability,143
232,"Location (35.0205, -85.2881)",62,2688,70,63,799,extended,1200,True,43.354838709677416,25.83,8.04,100,99.37,10.34,44.81,excellent,High Reliability,144
135,"Location (35.0147, -85.3261)",54,3879,58,106,670,extended,1200,True,71.83333333333333,22.5,11.6,100,98.94,8.57,44.8,excellent,High Reliability,145
436,"Location (35.0614, -85.2981)",47,3632,122,186,875,extended,1200,True,77.27659574468085,19.58,10.86,100,98.14,18.02,44.68,excellent,High Reliability,146
154,"Location (35.0090, -85.3291)",52,3599,56,84,753,extended,1200,True,69.21153846153847,21.67,10.76,100,99.16,8.27,44.35,excellent,High Reliability,147
91,"Location (35.0241, -85.2913)",63,2316,65,207,748,extended,1200,True,36.76190476190476,26.25,6.92,100,97.93,9.6,44.29,excellent,High Reliability,148
97,"Location (35.0210, -85.2908)",58,2406,66,93,811,extended,1200,True,41.48275862068966,24.17,7.19,100,99.07,9.75,44.03,excellent,High Reliability,149
65,"Location (35.0632, -85.3147)",44,3895,63,92,730,extended,1200,True,88.52272727272727,18.33,11.64,100,99.08,9.31,43.87,excellent,High Reliability,150
285,"Location (35.0251, -85.3177)",49,3299,53,60,835,extended,1200,True,67.3265306122449,20.42,9.86,100,99.4,7.83,43.76,excellent,High Reliability,151
162,"Location (35.0554, -85.2832)",30,3500,177,205,968,extended,1200,True,116.66666666666667,12.5,10.46,100,97.95,26.14,43.57,excellent,High Reliability,152
213,"Location (35.0624, -85.2982)",41,3035,76,87,808,extended,1200,True,74.02439024390245,17.08,9.07,100,99.13,11.23,42.98,excellent,High Reliability,153
142,"Location (35.0196, -85.3137)",45,3103,49,158,773,extended,1200,True,68.95555555555555,18.75,9.28,100,98.42,7.24,42.96,excellent,High Reliability,154
444,"Location (35.0226, -85.3200)",43,2953,47,181,715,extended,1200,True,68.67441860465117,17.92,8.83,100,98.19,6.94,42.55,excellent,High Reliability,155
426,"Location (35.0651, -85.3101)",43,2669,53,100,555,extended,1200,True,62.06976744186046,17.92,7.98,100,99.0,7.83,42.51,excellent,High Reliability,156
269,"Location (35.0245, -85.3113)",45,2622,45,218,887,extended,1200,True,58.266666666666666,18.75,7.84,100,97.82,6.65,42.38,excellent,High Reliability,157
178,"Location (35.0213, -85.3238)",42,2878,46,307,747,extended,1200,True,68.52380952380952,17.5,8.6,100,96.93,6.79,42.17,excellent,High Reliability,158
445,"Location (35.0103, -85.2197)",34,3446,34,61,656,extended,1200,True,101.3529411764706,14.17,10.3,100,99.39,5.02,42.04,excellent,High Reliability,159
173,"Location (35.0098, -85.2182)",33,3342,33,76,637,extended,1200,True,101.27272727272727,13.75,9.99,100,99.24,4.87,41.81,excellent,High Reliability,160
394,"Location (35.0102, -85.2146)",32,3239,32,121,618,extended,1200,True,101.21875,13.33,9.68,100,98.79,4.73,41.53,excellent,High Reliability,161
36,"Location (35.0142, -85.2121)",32,3240,32,133,728,extended,1200,True,101.25,13.33,9.69,100,98.67,4.73,41.51,excellent,High Reliability,162
416,"Location (35.0116, -85.2134)",32,3239,32,144,641,extended,1200,True,101.21875,13.33,9.68,100,98.56,4.73,41.49,excellent,High Reliability,163
355,"Location (35.0655, -85.3108)",38,2249,47,130,487,extended,1200,True,59.18421052631579,15.83,6.72,100,98.7,6.94,41.47,excellent,High Reliability,164
54,"Location (35.0093, -85.2136)",31,3136,31,55,624,extended,1200,True,101.16129032258064,12.92,9.37,100,99.45,4.58,41.42,excellent,High Reliability,165
378,"Location (35.0167, -85.2357)",30,3105,30,72,624,extended,1200,True,103.5,12.5,9.28,100,99.28,4.43,41.24,excellent,High Reliability,166
408,"Location (35.0106, -85.2120)",30,3032,30,154,622,extended,1200,True,101.06666666666666,12.5,9.06,100,98.46,4.43,41.06,excellent,High Reliability,167
245,"Location (35.0194, -85.2396)",29,2957,29,51,597,extended,1200,True,101.96551724137932,12.08,8.84,100,99.49,4.28,41.02,excellent,High Reliability,168
315,"Location (35.0109, -85.2239)",29,3000,29,95,585,extended,1200,True,103.44827586206897,12.08,8.97,100,99.05,4.28,41.0,excellent,High Reliability,169
443,"Location (35.0103, -85.2126)",29,2929,29,87,587,extended,1200,True,101.0,12.08,8.76,100,99.13,4.28,40.95,excellent,High Reliability,170
217,"Location (35.0152, -85.2208)",32,3239,32,509,784,extended,1200,True,101.21875,13.33,9.68,100,94.91,4.73,40.95,excellent,High Reliability,171
38,"Location (35.0084, -85.2163)",30,3032,30,261,629,extended,1200,True,101.06666666666666,12.5,9.06,100,97.39,4.43,40.9,excellent,High Reliability,172
421,"Location (35.0266, -85.2538)",32,2416,32,66,813,extended,1200,True,75.5,13.33,7.22,100,99.34,4.73,40.87,excellent,High Reliability,173
420,"Location (35.0127, -85.2288)",28,2897,28,48,571,extended,1200,True,103.46428571428571,11.67,8.66,100,99.52,4.14,40.86,excellent,High Reliability,174
277,"Location (35.0149, -85.2092)",28,2826,28,37,699,extended,1200,True,100.92857142857143,11.67,8.45,100,99.63,4.14,40.81,excellent,High Reliability,175
158,"Location (35.0185, -85.2388)",28,2898,28,96,580,extended,1200,True,103.5,11.67,8.66,100,99.04,4.14,40.79,excellent,High Reliability,176
5,"Location (34.9952, -85.3113)",33,2550,33,309,722,extended,1200,True,77.27272727272727,13.75,7.62,100,96.91,4.87,40.75,excellent,High Reliability,177
41,"Location (35.0119, -85.2118)",29,2929,29,270,619,extended,1200,True,101.0,12.08,8.76,100,97.3,4.28,40.67,excellent,High Reliability,178
145,"Location (35.0679, -85.3144)",33,1917,41,82,572,extended,1200,True,58.09090909090909,13.75,5.73,100,99.18,6.06,40.64,excellent,High Reliability,179
261,"Location (35.0224, -85.2433)",27,2750,27,57,572,extended,1200,True,101.85185185185185,11.25,8.22,100,99.43,3.99,40.59,excellent,High Reliability,180
96,"Location (35.0152, -85.2073)",27,2722,27,119,722,extended,1200,True,100.81481481481481,11.25,8.14,100,98.81,3.99,40.47,excellent,High Reliability,181
127,"Location (35.0068, -85.2108)",26,2618,26,46,675,extended,1200,True,100.6923076923077,10.83,7.83,100,99.54,3.84,40.37,excellent,High Reliability,182
59,"Location (35.0243, -85.2452)",26,2646,26,77,579,extended,1200,True,101.76923076923077,10.83,7.91,100,99.23,3.84,40.35,excellent,High Reliability,183
297,"Location (35.0565, -85.2797)",28,1061,107,135,862,extended,1200,True,37.892857142857146,11.67,3.17,100,98.65,15.81,40.25,excellent,High Reliability,184
58,"Location (35.0353, -85.1609)",25,2689,25,177,879,extended,1200,True,107.56,10.42,8.04,100,98.23,3.69,40.12,excellent,High Reliability,185
75,"Location (35.0366, -85.1597)",24,2585,24,74,786,extended,1200,True,107.70833333333333,10.0,7.73,100,99.26,3.55,40.06,excellent,High Reliability,186
231,"Location (35.0061, -85.2141)",26,2619,26,262,691,extended,1200,True,100.73076923076923,10.83,7.83,100,97.38,3.84,40.05,excellent,High Reliability,187
133,"Location (35.0580, -85.2772)",29,865,92,101,815,extended,1200,True,29.82758620689655,12.08,2.59,100,98.99,13.59,40.0,excellent,High Reliability,188
399,"Location (35.0690, -85.2886)",29,1740,29,68,637,extended,1200,True,60.0,12.08,5.2,100,99.32,4.28,39.91,excellent,High Reliability,189
362,"Location (35.0056, -85.2211)",26,2689,26,504,792,extended,1200,True,103.42307692307692,10.83,8.04,100,94.96,3.84,39.75,excellent,High Reliability,190
214,"Location (35.0229, -85.2482)",24,2439,24,217,589,extended,1200,True,101.625,10.0,7.29,100,97.83,3.55,39.72,excellent,High Reliability,191
250,"Location (35.0055, -85.2228)",26,2689,26,542,840,extended,1200,True,103.42307692307692,10.83,8.04,100,94.58,3.84,39.69,excellent,High Reliability,192
262,"Location (35.0388, -85.1575)",23,2482,23,187,702,extended,1200,True,107.91304347826087,9.58,7.42,100,98.13,3.4,39.68,excellent,High Reliability,193
227,"Location (34.9871, -85.2876)",28,1524,34,82,495,extended,1200,True,54.42857142857143,11.67,4.56,100,99.18,5.02,39.66,excellent,High Reliability,194
95,"Location (35.0369, -85.1581)",23,2482,23,216,778,extended,1200,True,107.91304347826087,9.58,7.42,100,97.84,3.4,39.64,excellent,High Reliability,195
439,"Location (35.0686, -85.2890)",27,1620,27,44,587,extended,1200,True,60.0,11.25,4.84,100,99.56,3.99,39.6,excellent,High Reliability,196
85,"Location (35.1065, -85.2718)",27,1620,27,47,618,extended,1200,True,60.0,11.25,4.84,100,99.53,3.99,39.59,excellent,High Reliability,197
7,"Location (35.0098, -85.2057)",23,2308,23,158,727,extended,1200,True,100.34782608695652,9.58,6.9,100,98.42,3.4,39.57,excellent,High Reliability,198
24,"Location (35.0395, -85.1549)",21,2275,21,78,743,extended,1200,True,108.33333333333333,8.75,6.8,100,99.22,3.1,39.42,excellent,High Reliability,199
48,"Location (35.0574, -85.2803)",25,855,86,167,902,extended,1200,True,34.2,10.42,2.56,100,98.33,12.7,39.39,excellent,High Reliability,200
302,"Location (35.0072, -85.2079)",22,2205,22,157,686,extended,1200,True,100.22727272727273,9.17,6.59,100,98.43,3.25,39.36,excellent,High Reliability,201
42,"Location (35.0338, -85.1606)",22,2378,22,267,958,extended,1200,True,108.0909090909091,9.17,7.11,100,97.33,3.25,39.35,excellent,High Reliability,202
336,"Location (35.0452, -85.1613)",20,2170,20,84,504,extended,1200,True,108.5,8.33,6.49,100,99.16,2.95,39.2,excellent,High Reliability,203
414,"Location (35.0455, -85.1624)",20,2170,20,88,512,extended,1200,True,108.5,8.33,6.49,100,99.12,2.95,39.19,excellent,High Reliability,204
118,"Location (35.0641, -85.2729)",25,735,71,123,883,extended,1200,True,29.4,10.42,2.2,100,98.77,10.49,39.13,excellent,High Reliability,205
400,"Location (35.0440, -85.1566)",20,2172,20,141,649,extended,1200,True,108.6,8.33,6.49,100,98.59,2.95,39.12,excellent,High Reliability,206
349,"Location (35.1020, -85.2747)",24,1440,24,30,527,extended,1200,True,60.0,10.0,4.3,100,99.7,3.55,39.1,excellent,High Reliability,207
256,"Location (35.0625, -85.2756)",25,749,72,175,902,extended,1200,True,29.96,10.42,2.24,100,98.25,10.64,39.08,excellent,High Reliability,208
374,"Location (35.1132, -85.2641)",23,1380,23,59,618,extended,1200,True,60.0,9.58,4.13,100,99.41,3.4,38.88,excellent,High Reliability,209
401,"Location (35.1014, -85.2741)",22,1320,22,105,504,extended,1200,True,60.0,9.17,3.95,100,98.95,3.25,38.64,excellent,High Reliability,210
20,Hixson Plaza,22,1320,22,113,620,extended,1200,True,60.0,9.17,3.95,100,98.87,3.25,38.63,excellent,High Reliability,211
258,"Location (35.0114, -85.2393)",21,2173,21,620,828,extended,1200,True,103.47619047619048,8.75,6.5,100,93.8,3.1,38.52,excellent,High Reliability,212
29,"Location (35.0365, -85.1552)",18,1965,18,292,785,extended,1200,True,109.16666666666667,7.5,5.87,100,97.08,2.66,38.47,excellent,High Reliability,213
244,"Location (35.1181, -85.2505)",21,1214,21,90,597,extended,1200,True,57.80952380952381,8.75,3.63,100,99.1,3.1,38.45,excellent,High Reliability,214
202,"Location (35.0730, -85.2366)",25,522,26,122,832,extended,1200,True,20.88,10.42,1.56,100,98.78,3.84,38.27,excellent,High Reliability,215
289,"Location (35.0289, -85.2417)",20,2025,20,662,845,extended,1200,True,101.25,8.33,6.05,100,93.38,2.95,38.2,excellent,High Reliability,216
365,"Location (35.0652, -85.2739)",21,486,49,197,924,extended,1200,True,23.142857142857142,8.75,1.45,100,98.03,7.24,38.05,excellent,High Reliability,217
354,"Location (35.0058, -85.2325)",20,2069,20,875,994,extended,1200,True,103.45,8.33,6.18,100,91.25,2.95,37.92,excellent,High Reliability,218
12,"Location (35.0266, -85.1941)",15,1552,15,183,655,extended,1200,True,103.46666666666667,6.25,4.64,100,98.17,2.22,37.9,excellent,High Reliability,219
10,"Location (35.0348, -85.1568)",15,1654,15,338,781,extended,1200,True,110.26666666666667,6.25,4.94,100,96.62,2.22,37.76,excellent,High Reliability,220
300,"Location (35.0467, -85.1549)",16,1654,16,467,796,extended,1200,True,103.375,6.67,4.94,100,95.33,2.36,37.69,excellent,High Reliability,221
76,"Location (35.0475, -85.1568)",16,1653,16,480,747,extended,1200,True,103.3125,6.67,4.94,100,95.2,2.36,37.67,excellent,High Reliability,222
123,"Location (35.0117, -85.2427)",18,1863,18,758,929,extended,1200,True,103.5,7.5,5.57,100,92.42,2.66,37.67,excellent,High Reliability,223
151,"Location (35.1293, -85.2475)",16,974,16,100,655,extended,1200,True,60.875,6.67,2.91,100,99.0,2.36,37.63,excellent,High Reliability,224
356,"Location (35.0318, -85.1846)",13,1345,13,154,646,extended,1200,True,103.46153846153847,5.42,4.02,100,98.46,1.92,37.52,excellent,High Reliability,225
423,"Location (35.0323, -85.1858)",13,1345,13,189,667,extended,1200,True,103.46153846153847,5.42,4.02,100,98.11,1.92,37.47,excellent,High Reliability,226
34,"Location (35.1296, -85.2415)",15,914,15,110,771,extended,1200,True,60.93333333333333,6.25,2.73,100,98.9,2.22,37.44,excellent,High Reliability,227
84,"Location (35.0810, -85.2970)",18,1080,18,627,873,extended,1200,True,60.0,7.5,3.23,100,93.73,2.66,37.17,excellent,High Reliability,228
4,"Location (35.0168, -85.2999)",24,660,24,852,1019,extended,1200,True,27.5,10.0,1.97,100,91.48,3.55,37.17,excellent,High Reliability,229
387,"Location (35.0470, -85.1537)",14,1447,14,566,837,extended,1200,True,103.35714285714286,5.83,4.33,100,94.34,2.07,37.11,excellent,High Reliability,230
2,"Location (35.1132, -85.2471)",16,960,16,478,839,extended,1200,True,60.0,6.67,2.87,100,95.22,2.36,37.05,excellent,High Reliability,231
35,"Location (35.1314, -85.2414)",13,794,13,157,791,extended,1200,True,61.07692307692308,5.42,2.37,100,98.43,1.92,37.02,excellent,High Reliability,232
156,"Location (35.0327, -85.1841)",11,1138,11,262,569,extended,1200,True,103.45454545454545,4.58,3.4,100,97.38,1.62,36.94,excellent,High Reliability,233
293,"Location (35.1237, -85.2408)",16,974,16,572,772,extended,1200,True,60.875,6.67,2.91,100,94.28,2.36,36.92,excellent,High Reliability,234
206,"Location (35.0782, -85.2666)",13,357,23,87,660,extended,1200,True,27.46153846153846,5.42,1.07,100,99.13,3.4,36.88,excellent,High Reliability,235
98,"Location (35.1246, -85.2392)",15,914,15,487,853,extended,1200,True,60.93333333333333,6.25,2.73,100,95.13,2.22,36.87,excellent,High Reliability,236
115,"Location (35.0331, -85.1567)",10,1138,10,235,695,extended,1200,True,113.8,4.17,3.4,100,97.65,1.48,36.86,excellent,High Reliability,237
86,"Location (35.1268, -85.2384)",13,794,13,306,854,extended,1200,True,61.07692307692308,5.42,2.37,100,96.94,1.92,36.8,excellent,High Reliability,238
93,"Location (35.0978, -85.2685)",17,977,17,751,900,extended,1200,True,57.470588235294116,7.08,2.92,100,92.49,2.51,36.77,excellent,High Reliability,239
266,"Location (35.0807, -85.2638)",12,325,21,56,578,extended,1200,True,27.083333333333332,5.0,0.97,100,99.44,3.1,36.77,excellent,High Reliability,240
441,"Location (35.1225, -85.2404)",16,974,16,697,822,extended,1200,True,60.875,6.67,2.91,100,93.03,2.36,36.73,excellent,High Reliability,241
210,"Location (35.0323, -85.1595)",8,931,8,73,702,extended,1200,True,116.375,3.33,2.78,100,99.27,1.18,36.68,excellent,High Reliability,242
274,"Location (35.0404, -85.1490)",11,1242,11,513,864,extended,1200,True,112.9090909090909,4.58,3.71,100,94.87,1.62,36.65,excellent,High Reliability,243
161,Cell Waiting Lot,12,1241,12,608,833,extended,1200,True,103.41666666666667,5.0,3.71,100,93.92,1.77,36.63,excellent,High Reliability,244
219,"Location (35.0754, -85.2644)",13,357,23,290,748,extended,1200,True,27.46153846153846,5.42,1.07,100,97.1,3.4,36.58,excellent,High Reliability,245
126,"Location (35.0871, -85.1891)",13,124,13,69,584,extended,1200,True,9.538461538461538,5.42,0.37,100,99.31,1.92,36.55,excellent,High Reliability,246
230,"Location (35.1320, -85.2399)",10,614,10,129,777,extended,1200,True,61.4,4.17,1.84,100,98.71,1.48,36.55,excellent,High Reliability,247
70,"Location (35.1287, -85.2380)",11,674,11,248,869,extended,1200,True,61.27272727272727,4.58,2.01,100,97.52,1.62,36.54,excellent,High Reliability,248
182,"Location (35.0730, -85.1843)",13,221,13,153,600,extended,1200,True,17.0,5.42,0.66,100,98.47,1.92,36.51,excellent,High Reliability,249
243,"Location (35.1330, -85.2406)",9,554,9,45,726,extended,1200,True,61.55555555555556,3.75,1.66,100,99.55,1.33,36.5,excellent,High Reliability,250
81,"Location (35.0743, -85.1868)",13,221,13,170,607,extended,1200,True,17.0,5.42,0.66,100,98.3,1.92,36.49,excellent,High Reliability,251
359,"Location (35.0308, -85.1743)",11,1138,11,568,854,extended,1200,True,103.45454545454545,4.58,3.4,100,94.32,1.62,36.48,excellent,High Reliability,252
201,"Location (35.0287, -85.2010)",12,1241,12,706,871,extended,1200,True,103.41666666666667,5.0,3.71,100,92.94,1.77,36.48,excellent,High Reliability,253
238,"Location (35.1338, -85.2408)",9,554,9,110,756,extended,1200,True,61.55555555555556,3.75,1.66,100,98.9,1.33,36.4,excellent,High Reliability,254
17,"Location (35.0321, -85.1578)",7,828,7,117,584,extended,1200,True,118.28571428571429,2.92,2.48,100,98.83,1.03,36.4,excellent,High Reliability,255
233,"Location (35.1246, -85.2368)",13,794,13,588,993,extended,1200,True,61.07692307692308,5.42,2.37,100,94.12,1.92,36.38,excellent,High Reliability,256
196,"Location (35.1336, -85.2397)",9,554,9,145,801,extended,1200,True,61.55555555555556,3.75,1.66,100,98.55,1.33,36.35,excellent,High Reliability,257
138,"Location (35.0630, -85.3218)",15,617,15,668,933,extended,1200,True,41.13333333333333,6.25,1.84,100,93.32,2.22,36.34,excellent,High Reliability,258
193,"Location (35.0717, -85.1848)",13,221,13,284,653,extended,1200,True,17.0,5.42,0.66,100,97.16,1.92,36.32,excellent,High Reliability,259
195,"Location (35.1310, -85.2387)",10,614,10,289,831,extended,1200,True,61.4,4.17,1.84,100,97.11,1.48,36.31,excellent,High Reliability,260
49,"Location (35.1323, -85.2382)",9,554,9,258,852,extended,1200,True,61.55555555555556,3.75,1.66,100,97.42,1.33,36.18,excellent,High Reliability,261
47,"Location (35.1304, -85.2379)",9,554,9,310,846,extended,1200,True,61.55555555555556,3.75,1.66,100,96.9,1.33,36.1,excellent,High Reliability,262
15,"Location (35.1343, -85.2443)",9,554,9,347,703,extended,1200,True,61.55555555555556,3.75,1.66,100,96.53,1.33,36.05,excellent,High Reliability,263
57,"Location (35.1355, -85.2454)",9,554,9,346,764,extended,1200,True,61.55555555555556,3.75,1.66,100,96.54,1.33,36.05,excellent,High Reliability,264
104,"Location (35.0700, -85.1410)",8,125,10,65,757,extended,1200,True,15.625,3.33,0.37,100,99.35,1.48,36.0,excellent,High Reliability,265
225,"Location (35.0730, -85.1531)",10,168,12,263,670,extended,1200,True,16.8,4.17,0.5,100,97.37,1.77,35.98,excellent,High Reliability,266
9,VWGoA,8,123,9,102,516,extended,1200,True,15.375,3.33,0.37,100,98.98,1.33,35.92,excellent,High Reliability,267
11,VWGoA,8,123,9,114,512,extended,1200,True,15.375,3.33,0.37,100,98.86,1.33,35.91,excellent,High Reliability,268
187,"Location (35.1345, -85.2393)",7,434,7,244,755,extended,1200,True,62.0,2.92,1.3,100,97.56,1.03,35.86,excellent,High Reliability,269
390,"Location (35.0721, -85.1320)",8,123,9,208,527,extended,1200,True,15.375,3.33,0.37,100,97.92,1.33,35.76,excellent,High Reliability,270
30,"Location (35.0714, -85.1375)",9,128,10,307,693,extended,1200,True,14.222222222222221,3.75,0.38,100,96.93,1.48,35.74,excellent,High Reliability,271
16,"Location (35.1371, -85.2424)",6,420,6,234,687,extended,1200,True,70.0,2.5,1.26,100,97.66,0.89,35.74,excellent,High Reliability,272
99,"Location (35.0387, -85.1471)",7,725,7,499,840,extended,1200,True,103.57142857142857,2.92,2.17,100,95.01,1.03,35.73,excellent,High Reliability,273
311,"Location (35.0609, -85.3222)",11,506,11,715,1000,extended,1200,True,46.0,4.58,1.51,100,92.85,1.62,35.69,excellent,High Reliability,274
166,"Location (35.1325, -85.2367)",7,434,7,395,882,extended,1200,True,62.0,2.92,1.3,100,96.05,1.03,35.63,excellent,High Reliability,275
90,Highland Plaza,5,300,5,170,762,extended,1200,True,60.0,2.08,0.9,100,98.3,0.74,35.61,excellent,High Reliability,276
26,"Location (35.1160, -85.2772)",11,660,11,862,983,extended,1200,True,60.0,4.58,1.97,100,91.38,1.62,35.61,excellent,High Reliability,277
82,"Location (35.0981, -85.2447)",6,143,8,213,608,extended,1200,True,23.833333333333332,2.5,0.43,100,97.87,1.18,35.55,excellent,High Reliability,278
215,"Location (35.0695, -85.1516)",9,151,11,528,840,extended,1200,True,16.77777777777778,3.75,0.45,100,94.72,1.62,35.44,excellent,High Reliability,279
376,"Location (35.0964, -85.2532)",6,130,8,289,658,extended,1200,True,21.666666666666668,2.5,0.39,100,97.11,1.18,35.43,excellent,High Reliability,280
303,"Location (35.0959, -85.2549)",5,113,7,288,513,extended,1200,True,22.6,2.08,0.34,100,97.12,1.03,35.29,excellent,High Reliability,281
13,"Location (35.1397, -85.2457)",3,180,3,174,411,extended,1200,True,60.0,1.25,0.54,100,98.26,0.44,35.26,excellent,High Reliability,282
183,"Location (35.0733, -85.1997)",6,102,6,366,721,extended,1200,True,17.0,2.5,0.3,100,96.34,0.89,35.26,excellent,High Reliability,283
134,CCA lot,8,452,8,755,1100,extended,1200,True,56.5,3.33,1.35,100,92.45,1.18,35.22,excellent,High Reliability,284
144,"Location (35.0997, -85.2429)",5,111,6,352,550,extended,1200,True,22.2,2.08,0.33,100,96.48,0.89,35.18,excellent,High Reliability,285
229,Oakwood Baptist Church Parking Lot,9,116,9,680,960,extended,1200,True,12.88888888888889,3.75,0.35,100,93.2,1.33,35.15,excellent,High Reliability,286
32,"Location (35.1319, -85.2351)",5,360,5,546,896,extended,1200,True,72.0,2.08,1.08,100,94.54,0.74,35.1,excellent,High Reliability,287
148,"Location (35.1304, -85.2352)",5,314,5,526,867,extended,1200,True,62.8,2.08,0.94,100,94.74,0.74,35.09,excellent,High Reliability,288
87,"Location (35.0681, -85.1478)",7,117,9,610,888,extended,1200,True,16.714285714285715,2.92,0.35,100,93.9,1.33,35.05,excellent,High Reliability,289
40,Brainerd Hills Baptist Church,7,723,7,1004,1060,extended,1200,True,103.28571428571429,2.92,2.16,100,89.96,1.03,34.97,excellent,High Reliability,290
203,Rental Car Lot,6,621,6,1108,1142,extended,1200,True,103.5,2.5,1.86,100,88.92,0.89,34.61,excellent,High Reliability,291
384,"Location (35.1421, -85.2378)",3,180,3,709,901,extended,1200,True,60.0,1.25,0.54,100,92.91,0.44,34.45,excellent,High Reliability,292
366,"Location (35.1449, -85.2405)",2,120,2,778,852,extended,1200,True,60.0,0.83,0.36,100,92.22,0.3,34.18,excellent,Moderate Reliability,293
122,"Location (35.1434, -85.2381)",2,120,2,778,877,extended,1200,True,60.0,0.83,0.36,100,92.22,0.3,34.18,excellent,Moderate Reliability,294
168,"Location (35.1183, -85.2786)",5,300,5,1131,1153,extended,1200,True,60.0,2.08,0.9,100,88.69,0.74,34.17,excellent,High Reliability,295
188,"Location (35.1420, -85.2350)",3,180,3,930,1081,extended,1200,True,60.0,1.25,0.54,100,90.7,0.44,34.12,excellent,High Reliability,296
181,"Location (35.1450, -85.2380)",2,120,2,917,1007,extended,1200,True,60.0,0.83,0.36,100,90.83,0.3,33.97,excellent,Moderate Reliability,297
14,"Location (35.1466, -85.2510)",2,120,2,988,1033,extended,1200,True,60.0,0.83,0.36,100,90.12,0.3,33.86,excellent,Moderate Reliability,298
218,"Location (35.1003, -85.2398)",4,96,5,93,385,extended,1200,True,24.0,1.67,0.29,80,99.07,0.74,31.44,good,High Reliability,299
69,"Location (35.0857, -85.1316)",5,94,7,212,950,extended,1200,True,18.8,2.08,0.28,80,97.88,1.03,31.39,good,High Reliability,300
53,"Location (35.0985, -85.2375)",4,96,5,194,386,extended,1200,True,24.0,1.67,0.29,80,98.06,0.74,31.29,good,High Reliability,301
46,"Location (35.1015, -85.2385)",4,96,5,198,536,extended,1200,True,24.0,1.67,0.29,80,98.02,0.74,31.28,good,High Reliability,302
72,"Location (35.0985, -85.2411)",4,96,5,229,275,extended,1200,True,24.0,1.67,0.29,80,97.71,0.74,31.23,good,High Reliability,303
344,"Location (35.0891, -85.1773)",6,58,6,393,656,extended,1200,True,9.666666666666666,2.5,0.17,80,96.07,0.89,31.18,good,High Reliability,304
27,Trailer Yard,5,94,7,417,775,extended,1200,True,18.8,2.08,0.28,80,95.83,1.03,31.08,good,High Reliability,305
257,"Location (35.0748, -85.2029)",7,97,7,620,973,extended,1200,True,13.857142857142858,2.92,0.29,80,93.8,1.03,30.99,good,High Reliability,306
37,"Location (35.1008, -85.2344)",4,96,5,440,731,extended,1200,True,24.0,1.67,0.29,80,95.6,0.74,30.92,good,High Reliability,307
343,"Location (35.0770, -85.2041)",7,82,7,768,916,extended,1200,True,11.714285714285714,2.92,0.25,80,92.32,1.03,30.75,good,High Reliability,308
286,"Location (35.0664, -85.1259)",7,94,8,928,1037,extended,1200,True,13.428571428571429,2.92,0.28,80,90.72,1.18,30.54,good,High Reliability,309
438,"Location (35.1021, -85.2307)",3,64,3,802,975,extended,1200,True,21.333333333333332,1.25,0.19,80,91.98,0.44,30.21,good,High Reliability,310
101,"Location (35.0631, -85.1917)",4,52,4,975,1138,extended,1200,True,13.0,1.67,0.16,80,90.25,0.59,30.06,good,High Reliability,311
111,"Location (35.0633, -85.1634)",3,51,3,1112,1142,extended,1200,True,17.0,1.25,0.15,80,88.88,0.44,29.73,good,High Reliability,312
88,"Location (35.0865, -85.1334)",1,39,2,32,32,extended,1200,True,39.0,0.42,0.12,60,99.68,0.3,27.12,fair,Low Reliability,313
71,"Location (35.0616, -85.1407)",3,39,3,517,839,extended,1200,True,13.0,1.25,0.12,60,94.83,0.44,26.62,fair,Moderate Reliability,314
212,"Location (35.0624, -85.1295)",3,39,3,525,893,extended,1200,True,13.0,1.25,0.12,60,94.75,0.44,26.6,fair,Moderate Reliability,315
180,"Location (35.0911, -85.1313)",1,39,2,546,546,extended,1200,True,39.0,0.42,0.12,60,94.54,0.3,26.35,fair,Low Reliability,316
234,"Location (35.1073, -85.2372)",1,30,1,851,851,extended,1200,True,30.0,0.42,0.09,60,91.49,0.15,25.87,fair,Low Reliability,317
139,"Location (35.1081, -85.2368)",1,30,1,943,943,extended,1200,True,30.0,0.42,0.09,60,90.57,0.15,25.73,fair,Low Reliability,318
324,"Location (35.0912, -85.2237)",1,17,1,443,443,extended,1200,True,17.0,0.42,0.05,40,95.57,0.15,22.47,limited,Low Reliability,319
94,"Location (35.0958, -85.2230)",1,17,1,833,833,extended,1200,True,17.0,0.42,0.05,40,91.67,0.15,21.88,limited,Low Reliability,320
192,"Location (35.0966, -85.2197)",1,17,1,878,878,extended,1200,True,17.0,0.42,0.05,40,91.22,0.15,21.82,limited,Low Reliability,321
140,"Location (35.0488, -85.2413)",6,6,6,106,602,extended,1200,True,1.0,2.5,0.02,0,98.94,0.89,15.56,poor,Unreliable,322
79,"Location (35.0408, -85.2200)",5,5,5,292,523,extended,1200,True,1.0,2.08,0.01,0,97.08,0.74,15.16,poor,Unreliable,323
172,"Location (35.0599, -85.1340)",1,5,1,154,154,extended,1200,True,5.0,0.42,0.01,0,98.46,0.15,14.89,poor,Unreliable,324
141,"Location (35.0554, -85.1895)",1,1,1,453,453,extended,1200,False,1.0,0.42,0.0,0,95.47,0.15,14.44,poor,Unreliable,325
22,"Location (35.0565, -85.1899)",1,1,1,457,457,extended,1200,False,1.0,0.42,0.0,0,95.43,0.15,14.43,poor,Unreliable,326
121,"Location (35.0582, -85.1912)",1,1,1,497,497,extended,1200,False,1.0,0.42,0.0,0,95.03,0.15,14.37,poor,Unreliable,327
33,"Location (35.0589, -85.1913)",1,1,1,563,563,extended,1200,False,1.0,0.42,0.0,0,94.37,0.15,14.28,poor,Unreliable,328
185,"Location (35.0558, -85.1319)",1,5,1,652,652,extended,1200,True,5.0,0.42,0.01,0,93.48,0.15,14.15,poor,Unreliable,329
132,"Location (35.0592, -85.1893)",1,1,1,690,690,extended,1200,False,1.0,0.42,0.0,0,93.1,0.15,14.08,poor,Unreliable,330
429,"Location (35.0557, -85.1862)",1,1,1,754,754,extended,1200,False,1.0,0.42,0.0,0,92.46,0.15,13.99,poor,Unreliable,331
56,"Location (35.0567, -85.1286)",1,5,1,760,760,extended,1200,True,5.0,0.42,0.01,0,92.4,0.15,13.98,poor,Unreliable,332
432,"Location (35.0532, -85.1858)",1,1,1,801,801,extended,1200,False,1.0,0.42,0.0,0,91.99,0.15,13.92,poor,Unreliable,333
184,"Location (35.0620, -85.1926)",1,1,1,842,842,extended,1200,False,1.0,0.42,0.0,0,91.58,0.15,13.86,poor,Unreliable,334
112,"Location (35.0343, -85.2190)",3,3,3,1011,1039,extended,1200,False,1.0,1.25,0.01,0,89.89,0.44,13.84,poor,Unreliable,335
143,"Location (35.0526, -85.1851)",1,1,1,870,870,extended,1200,False,1.0,0.42,0.0,0,91.3,0.15,13.81,poor,Unreliable,336
312,"Location (35.0608, -85.1881)",1,1,1,900,900,extended,1200,False,1.0,0.42,0.0,0,91.0,0.15,13.77,poor,Unreliable,337
209,"Location (35.0575, -85.1258)",1,5,1,935,935,extended,1200,True,5.0,0.42,0.01,0,90.65,0.15,13.72,poor,Unreliable,338
177,"Location (35.0603, -85.1866)",1,1,1,956,956,extended,1200,False,1.0,0.42,0.0,0,90.44,0.15,13.69,poor,Unreliable,339
189,"Location (35.0583, -85.1248)",1,5,1,983,983,extended,1200,True,5.0,0.42,0.01,0,90.17,0.15,13.65,poor,Unreliable,340
241,"Location (35.0564, -85.1259)",1,5,1,979,979,extended,1200,True,5.0,0.42,0.01,0,90.21,0.15,13.65,poor,Unreliable,341
437,"Location (35.0566, -85.1256)",1,5,1,992,992,extended,1200,True,5.0,0.42,0.01,0,90.08,0.15,13.64,poor,Unreliable,342
1,"Location (35.0601, -85.1836)",1,1,1,1161,1161,extended,1200,False,1.0,0.42,0.0,0,88.39,0.15,13.38,poor,Unreliable,343
454,"Location (35.0506, -85.1328)",1,5,1,1174,1174,extended,1200,True,5.0,0.42,0.01,0,88.26,0.15,13.36,poor,Unreliable,344
424,"Location (35.1284, -85.1973)",0,0,0,9999,9999,extended,1200,False,0.0,0.0,0.0,0,0.0,0.0,0.0,poor,Unreliable,345
428,"Location (35.1095, -85.2188)",0,0,0,9999,9999,extended,1200,False,0.0,0.0,0.0,0,0.0,0.0,0.0,poor,Unreliable,346
51,Publix Parking Lot,0,0,0,9999,9999,extended,1200,False,0.0,0.0,0.0,0,0.0,0.0,0.0,poor,Unreliable,347
50,"Location (35.0094, -85.3878)",0,0,0,9999,9999,extended,1200,False,0.0,0.0,0.0,0,0.0,0.0,0.0,poor,Unreliable,348
200,"Location (35.0080, -85.3917)",0,0,0,9999,9999,extended,1200,False,0.0,0.0,0.0,0,0.0,0.0,0.0,poor,Unreliable,349
199,"Location (35.1305, -85.2177)",0,0,0,9999,9999,extended,1200,False,0.0,0.0,0.0,0,0.0,0.0,0.0,poor,Unreliable,350
452,"Location (35.1537, -85.2483)",0,0,0,9999,9999,extended,1200,False,0.0,0.0,0.0,0,0.0,0.0,0.0,poor,Unreliable,351
450,"Location (35.1269, -85.2158)",0,0,0,9999,9999,extended,1200,False,0.0,0.0,0.0,0,0.0,0.0,0.0,poor,Unreliable,352
442,"Location (35.1080, -85.2169)",0,0,0,9999,9999,extended,1200,False,0.0,0.0,0.0,0,0.0,0.0,0.0,poor,Unreliable,353
440,"Location (35.1558, -85.2481)",0,0,0,9999,9999,extended,1200,False,0.0,0.0,0.0,0,0.0,0.0,0.0,poor,Unreliable,354
430,"Location (35.0120, -85.1584)",0,0,0,9999,9999,extended,1200,False,0.0,0.0,0.0,0,0.0,0.0,0.0,poor,Unreliable,355
23,"Location (35.1182, -85.3150)",0,0,0,9999,9999,extended,1200,False,0.0,0.0,0.0,0,0.0,0.0,0.0,poor,Unreliable,356
397,"Location (35.0823, -85.0584)",0,0,0,9999,9999,extended,1200,False,0.0,0.0,0.0,0,0.0,0.0,0.0,poor,Unreliable,357
398,"Location (35.0925, -85.3044)",0,0,0,9999,9999,extended,1200,False,0.0,0.0,0.0,0,0.0,0.0,0.0,poor,Unreliable,358
393,"Location (35.0915, -85.0651)",0,0,0,9999,9999,extended,1200,False,0.0,0.0,0.0,0,0.0,0.0,0.0,poor,Unreliable,359
396,"Location (35.0201, -85.3403)",0,0,0,9999,9999,extended,1200,False,0.0,0.0,0.0,0,0.0,0.0,0.0,poor,Unreliable,360
62,"Location (35.1383, -85.2797)",0,0,0,9999,9999,extended,1200,False,0.0,0.0,0.0,0,0.0,0.0,0.0,poor,Unreliable,361
55,"Location (35.0053, -85.1493)",0,0,0,9999,9999,extended,1200,False,0.0,0.0,0.0,0,0.0,0.0,0.0,poor,Unreliable,362
314,"Location (35.0871, -85.3372)",0,0,0,9999,9999,extended,1200,False,0.0,0.0,0.0,0,0.0,0.0,0.0,poor,Unreliable,363
316,"Location (35.0818, -85.0849)",0,0,0,9999,9999,extended,1200,False,0.0,0.0,0.0,0,0.0,0.0,0.0,poor,Unreliable,364
319,"Location (35.1221, -85.3072)",0,0,0,9999,9999,extended,1200,False,0.0,0.0,0.0,0,0.0,0.0,0.0,poor,Unreliable,365
318,"Location (35.1511, -85.2485)",0,0,0,9999,9999,extended,1200,False,0.0,0.0,0.0,0,0.0,0.0,0.0,poor,Unreliable,366
323,Short Term Lot,0,0,0,9999,9999,extended,1200,False,0.0,0.0,0.0,0,0.0,0.0,0.0,poor,Unreliable,367
325,"Location (35.1342, -85.2822)",0,0,0,9999,9999,extended,1200,False,0.0,0.0,0.0,0,0.0,0.0,0.0,poor,Unreliable,368
329,"Location (35.0448, -85.3571)",0,0,0,9999,9999,extended,1200,False,0.0,0.0,0.0,0,0.0,0.0,0.0,poor,Unreliable,369
146,"Location (35.0069, -85.3887)",0,0,0,9999,9999,extended,1200,False,0.0,0.0,0.0,0,0.0,0.0,0.0,poor,Unreliable,370
147,"Location (35.1593, -85.1957)",0,0,0,9999,9999,extended,1200,False,0.0,0.0,0.0,0,0.0,0.0,0.0,poor,Unreliable,371
150,"Location (35.1089, -85.2135)",0,0,0,9999,9999,extended,1200,False,0.0,0.0,0.0,0,0.0,0.0,0.0,poor,Unreliable,372
153,"Location (35.1194, -85.2907)",0,0,0,9999,9999,extended,1200,False,0.0,0.0,0.0,0,0.0,0.0,0.0,poor,Unreliable,373
155,"Location (35.0186, -85.1714)",0,0,0,9999,9999,extended,1200,False,0.0,0.0,0.0,0,0.0,0.0,0.0,poor,Unreliable,374
64,"Location (35.0302, -85.2171)",0,0,0,9999,9999,extended,1200,False,0.0,0.0,0.0,0,0.0,0.0,0.0,poor,Unreliable,375
66,"Location (35.0081, -85.3889)",0,0,0,9999,9999,extended,1200,False,0.0,0.0,0.0,0,0.0,0.0,0.0,poor,Unreliable,376
68,"Location (35.0124, -85.1897)",0,0,0,9999,9999,extended,1200,False,0.0,0.0,0.0,0,0.0,0.0,0.0,poor,Unreliable,377
63,"Location (35.0501, -85.1270)",0,0,0,9999,9999,extended,1200,False,0.0,0.0,0.0,0,0.0,0.0,0.0,poor,Unreliable,378
410,"Location (35.1467, -85.2214)",0,0,0,9999,9999,extended,1200,False,0.0,0.0,0.0,0,0.0,0.0,0.0,poor,Unreliable,379
409,"Location (35.1526, -85.2421)",0,0,0,9999,9999,extended,1200,False,0.0,0.0,0.0,0,0.0,0.0,0.0,poor,Unreliable,380
407,"Location (35.1551, -85.2482)",0,0,0,9999,9999,extended,1200,False,0.0,0.0,0.0,0,0.0,0.0,0.0,poor,Unreliable,381
402,"Location (35.0930, -85.3052)",0,0,0,9999,9999,extended,1200,False,0.0,0.0,0.0,0,0.0,0.0,0.0,poor,Unreliable,382
19,Long Term Lot 2,0,0,0,9999,9999,extended,1200,False,0.0,0.0,0.0,0,0.0,0.0,0.0,poor,Unreliable,383
114,"Location (35.0822, -85.3207)",0,0,0,9999,9999,extended,1200,False,0.0,0.0,0.0,0,0.0,0.0,0.0,poor,Unreliable,384
413,"Location (35.0341, -85.2065)",0,0,0,9999,9999,extended,1200,False,0.0,0.0,0.0,0,0.0,0.0,0.0,poor,Unreliable,385
411,"Location (35.1243, -85.3020)",0,0,0,9999,9999,extended,1200,False,0.0,0.0,0.0,0,0.0,0.0,0.0,poor,Unreliable,386
129,"Location (35.0129, -85.1886)",0,0,0,9999,9999,extended,1200,False,0.0,0.0,0.0,0,0.0,0.0,0.0,poor,Unreliable,387
124,"Location (35.1105, -85.3209)",0,0,0,9999,9999,extended,1200,False,0.0,0.0,0.0,0,0.0,0.0,0.0,poor,Unreliable,388
296,"Location (35.0075, -85.3910)",0,0,0,9999,9999,extended,1200,False,0.0,0.0,0.0,0,0.0,0.0,0.0,poor,Unreliable,389
130,"Location (35.1035, -85.3245)",0,0,0,9999,9999,extended,1200,False,0.0,0.0,0.0,0,0.0,0.0,0.0,poor,Unreliable,390
299,"Location (35.1287, -85.2139)",0,0,0,9999,9999,extended,1200,False,0.0,0.0,0.0,0,0.0,0.0,0.0,poor,Unreliable,391
304,"Location (35.0833, -85.0578)",0,0,0,9999,9999,extended,1200,False,0.0,0.0,0.0,0,0.0,0.0,0.0,poor,Unreliable,392
306,"Location (35.1201, -85.3055)",0,0,0,9999,9999,extended,1200,False,0.0,0.0,0.0,0,0.0,0.0,0.0,poor,Unreliable,393
391,"Location (35.0350, -85.2069)",0,0,0,9999,9999,extended,1200,False,0.0,0.0,0.0,0,0.0,0.0,0.0,poor,Unreliable,394
335,"Location (35.1103, -85.2954)",0,0,0,9999,9999,extended,1200,False,0.0,0.0,0.0,0,0.0,0.0,0.0,poor,Unreliable,395
334,"Location (35.1127, -85.2054)",0,0,0,9999,9999,extended,1200,False,0.0,0.0,0.0,0,0.0,0.0,0.0,poor,Unreliable,396
333,"Location (35.1408, -85.2294)",0,0,0,9999,9999,extended,1200,False,0.0,0.0,0.0,0,0.0,0.0,0.0,poor,Unreliable,397
332,"Location (35.1218, -85.2935)",0,0,0,9999,9999,extended,1200,False,0.0,0.0,0.0,0,0.0,0.0,0.0,poor,Unreliable,398
330,"Location (35.0257, -85.2176)",0,0,0,9999,9999,extended,1200,False,0.0,0.0,0.0,0,0.0,0.0,0.0,poor,Unreliable,399
109,"Location (35.1148, -85.2930)",0,0,0,9999,9999,extended,1200,False,0.0,0.0,0.0,0,0.0,0.0,0.0,poor,Unreliable,400
107,"Location (35.0129, -85.1873)",0,0,0,9999,9999,extended,1200,False,0.0,0.0,0.0,0,0.0,0.0,0.0,poor,Unreliable,401
105,"Location (35.0069, -85.3905)",0,0,0,9999,9999,extended,1200,False,0.0,0.0,0.0,0,0.0,0.0,0.0,poor,Unreliable,402
102,"Location (35.0059, -85.3898)",0,0,0,9999,9999,extended,1200,False,0.0,0.0,0.0,0,0.0,0.0,0.0,poor,Unreliable,403
288,"Location (35.1208, -85.2904)",0,0,0,9999,9999,extended,1200,False,0.0,0.0,0.0,0,0.0,0.0,0.0,poor,Unreliable,404
281,"Location (35.0591, -85.1535)",0,0,0,9999,9999,extended,1200,False,0.0,0.0,0.0,0,0.0,0.0,0.0,poor,Unreliable,405
280,"Location (35.0587, -85.1503)",0,0,0,9999,9999,extended,1200,False,0.0,0.0,0.0,0,0.0,0.0,0.0,poor,Unreliable,406
278,"Location (35.1455, -85.2208)",0,0,0,9999,9999,extended,1200,False,0.0,0.0,0.0,0,0.0,0.0,0.0,poor,Unreliable,407
276,"Location (35.1002, -85.1353)",0,0,0,9999,9999,extended,1200,False,0.0,0.0,0.0,0,0.0,0.0,0.0,poor,Unreliable,408
273,"Location (35.1149, -85.2919)",0,0,0,9999,9999,extended,1200,False,0.0,0.0,0.0,0,0.0,0.0,0.0,poor,Unreliable,409
272,"Location (35.0114, -85.1634)",0,0,0,9999,9999,extended,1200,False,0.0,0.0,0.0,0,0.0,0.0,0.0,poor,Unreliable,410
264,"Location (35.1193, -85.2882)",0,0,0,9999,9999,extended,1200,False,0.0,0.0,0.0,0,0.0,0.0,0.0,poor,Unreliable,411
164,"Location (35.0823, -85.0555)",0,0,0,9999,9999,extended,1200,False,0.0,0.0,0.0,0,0.0,0.0,0.0,poor,Unreliable,412
163,"Location (35.0142, -85.1878)",0,0,0,9999,9999,extended,1200,False,0.0,0.0,0.0,0,0.0,0.0,0.0,poor,Unreliable,413
159,"Location (35.1072, -85.2956)",0,0,0,9999,9999,extended,1200,False,0.0,0.0,0.0,0,0.0,0.0,0.0,poor,Unreliable,414
78,"Location (35.0980, -85.3290)",0,0,0,9999,9999,extended,1200,False,0.0,0.0,0.0,0,0.0,0.0,0.0,poor,Unreliable,415
350,"Location (35.0904, -85.0655)",0,0,0,9999,9999,extended,1200,False,0.0,0.0,0.0,0,0.0,0.0,0.0,poor,Unreliable,416
353,"Location (35.1099, -85.2164)",0,0,0,9999,9999,extended,1200,False,0.0,0.0,0.0,0,0.0,0.0,0.0,poor,Unreliable,417
74,"Location (35.0828, -85.0824)",0,0,0,9999,9999,extended,1200,False,0.0,0.0,0.0,0,0.0,0.0,0.0,poor,Unreliable,418
194,"Location (35.1413, -85.2302)",0,0,0,9999,9999,extended,1200,False,0.0,0.0,0.0,0,0.0,0.0,0.0,poor,Unreliable,419
190,"Location (35.0162, -85.3838)",0,0,0,9999,9999,extended,1200,False,0.0,0.0,0.0,0,0.0,0.0,0.0,poor,Unreliable,420
80,"Location (35.0309, -85.3631)",0,0,0,9999,9999,extended,1200,False,0.0,0.0,0.0,0,0.0,0.0,0.0,poor,Unreliable,421
83,Ooltewah High School's Parking Lot #1,0,0,0,9999,9999,extended,1200,False,0.0,0.0,0.0,0,0.0,0.0,0.0,poor,Unreliable,422
348,"Location (35.0184, -85.3377)",0,0,0,9999,9999,extended,1200,False,0.0,0.0,0.0,0,0.0,0.0,0.0,poor,Unreliable,423
340,"Location (35.0433, -85.1403)",0,0,0,9999,9999,extended,1200,False,0.0,0.0,0.0,0,0.0,0.0,0.0,poor,Unreliable,424
346,"Location (35.1409, -85.1748)",0,0,0,9999,9999,extended,1200,False,0.0,0.0,0.0,0,0.0,0.0,0.0,poor,Unreliable,425
342,"Location (35.0199, -85.3403)",0,0,0,9999,9999,extended,1200,False,0.0,0.0,0.0,0,0.0,0.0,0.0,poor,Unreliable,426
204,"Location (35.0126, -85.1632)",0,0,0,9999,9999,extended,1200,False,0.0,0.0,0.0,0,0.0,0.0,0.0,poor,Unreliable,427
208,"Location (35.0842, -85.0707)",0,0,0,9999,9999,extended,1200,False,0.0,0.0,0.0,0,0.0,0.0,0.0,poor,Unreliable,428
237,"Location (35.0488, -85.1461)",0,0,0,9999,9999,extended,1200,False,0.0,0.0,0.0,0,0.0,0.0,0.0,poor,Unreliable,429
235,"Location (35.0107, -85.1644)",0,0,0,9999,9999,extended,1200,False,0.0,0.0,0.0,0,0.0,0.0,0.0,poor,Unreliable,430
240,"Location (35.1240, -85.3062)",0,0,0,9999,9999,extended,1200,False,0.0,0.0,0.0,0,0.0,0.0,0.0,poor,Unreliable,431
246,"Location (35.1445, -85.2190)",0,0,0,9999,9999,extended,1200,False,0.0,0.0,0.0,0,0.0,0.0,0.0,poor,Unreliable,432
248,Ooltewah High School's Parking Lot #3,0,0,0,9999,9999,extended,1200,False,0.0,0.0,0.0,0,0.0,0.0,0.0,poor,Unreliable,433
251,"Location (35.0911, -85.0611)",0,0,0,9999,9999,extended,1200,False,0.0,0.0,0.0,0,0.0,0.0,0.0,poor,Unreliable,434
174,"Location (35.1454, -85.2251)",0,0,0,9999,9999,extended,1200,False,0.0,0.0,0.0,0,0.0,0.0,0.0,poor,Unreliable,435
170,"Location (35.1357, -85.2813)",0,0,0,9999,9999,extended,1200,False,0.0,0.0,0.0,0,0.0,0.0,0.0,poor,Unreliable,436
167,"Location (35.0087, -85.3899)",0,0,0,9999,9999,extended,1200,False,0.0,0.0,0.0,0,0.0,0.0,0.0,poor,Unreliable,437
228,"Location (35.0604, -85.1544)",0,0,0,9999,9999,extended,1200,False,0.0,0.0,0.0,0,0.0,0.0,0.0,poor,Unreliable,438
221,"Location (35.1126, -85.3250)",0,0,0,9999,9999,extended,1200,False,0.0,0.0,0.0,0,0.0,0.0,0.0,poor,Unreliable,439
186,"Location (35.0817, -85.0863)",0,0,0,9999,9999,extended,1200,False,0.0,0.0,0.0,0,0.0,0.0,0.0,poor,Unreliable,440
223,"Location (35.0448, -85.3341)",0,0,0,9999,9999,extended,1200,False,0.0,0.0,0.0,0,0.0,0.0,0.0,poor,Unreliable,441
216,"Location (35.0953, -85.0624)",0,0,0,9999,9999,extended,1200,False,0.0,0.0,0.0,0,0.0,0.0,0.0,poor,Unreliable,442
92,"Location (35.0132, -85.1859)",0,0,0,9999,9999,extended,1200,False,0.0,0.0,0.0,0,0.0,0.0,0.0,poor,Unreliable,443
89,"Location (35.0092, -85.3859)",0,0,0,9999,9999,extended,1200,False,0.0,0.0,0.0,0,0.0,0.0,0.0,poor,Unreliable,444
100,"Location (35.0668, -85.2066)",0,0,0,9999,9999,extended,1200,False,0.0,0.0,0.0,0,0.0,0.0,0.0,poor,Unreliable,445
360,"Location (35.1561, -85.1967)",0,0,0,9999,9999,extended,1200,False,0.0,0.0,0.0,0,0.0,0.0,0.0,poor,Unreliable,446
379,"Location (35.0839, -85.0634)",0,0,0,9999,9999,extended,1200,False,0.0,0.0,0.0,0,0.0,0.0,0.0,poor,Unreliable,447
386,"Location (35.0425, -85.1978)",0,0,0,9999,9999,extended,1200,False,0.0,0.0,0.0,0,0.0,0.0,0.0,poor,Unreliable,448
361,"Location (35.0821, -85.0836)",0,0,0,9999,9999,extended,1200,False,0.0,0.0,0.0,0,0.0,0.0,0.0,poor,Unreliable,449
375,"Location (35.0820, -85.0842)",0,0,0,9999,9999,extended,1200,False,0.0,0.0,0.0,0,0.0,0.0,0.0,poor,Unreliable,450
43,"Location (35.0740, -85.1042)",0,0,0,9999,9999,extended,1200,False,0.0,0.0,0.0,0,0.0,0.0,0.0,poor,Unreliable,451
39,"Location (35.1830, -85.2430)",0,0,0,9999,9999,extended,1200,False,0.0,0.0,0.0,0,0.0,0.0,0.0,poor,Unreliable,452
45,"Location (35.0924, -85.3103)",0,0,0,9999,9999,extended,1200,False,0.0,0.0,0.0,0,0.0,0.0,0.0,poor,Unreliable,453
44,"Location (35.0956, -85.0595)",0,0,0,9999,9999,extended,1200,False,0.0,0.0,0.0,0,0.0,0.0,0.0,poor,Unreliable,454
418,"Location (35.0909, -85.0653)",0,0,0,9999,9999,extended,1200,False,0.0,0.0,0.0,0,0.0,0.0,0.0,poor,Unreliable,455
8,"Location (35.1481, -85.2070)",0,0,0,9999,9999,extended,1200,False,0.0,0.0,0.0,0,0.0,0.0,0.0,poor,Unreliable,456
3,"Location (35.0053, -85.3929)",0,0,0,9999,9999,extended,1200,False,0.0,0.0,0.0,0,0.0,0.0,0.0,poor,Unreliable,457
6,"Location (35.1542, -85.2470)",0,0,0,9999,9999,extended,1200,False,0.0,0.0,0.0,0,0.0,0.0,0.0,poor,Unreliable,458
