parking_id,name,score_400m,stops_400m,quality_conservative,rank_conservative,score_800m,stops_800m,quality_moderate,rank_moderate,score_1200m,stops_1200m,quality_extended,rank_extended,max_accessibility_score,best_scenario,improvement_moderate_vs_conservative,improvement_extended_vs_moderate
1,"Location (35.0601, -85.1836)",0.0,0,poor,277,0.0,0,poor,458,13.38,1,poor,343,13.38,Extended (1200m),0.0,13.38
2,"Location (35.1132, -85.2471)",0.0,0,poor,345,36.05,7,excellent,240,37.05,16,excellent,231,37.05,Extended (1200m),36.05,1.0
3,"Location (35.0053, -85.3929)",0.0,0,poor,357,0.0,0,poor,456,0.0,0,poor,457,0.0,Conservative (400m),0.0,0.0
4,"Location (35.0168, -85.2999)",0.0,0,poor,354,0.0,0,poor,455,37.17,24,excellent,229,37.17,Extended (1200m),0.0,37.17
5,"Location (34.9952, -85.3113)",35.85,2,excellent,214,40.51,22,excellent,157,40.75,33,excellent,177,40.75,Extended (1200m),4.659999999999997,0.240000000000002
6,"Location (35.1542, -85.2470)",0.0,0,poor,351,0.0,0,poor,457,0.0,0,poor,458,0.0,Conservative (400m),0.0,0.0
7,"Location (35.0098, -85.2057)",36.97,3,excellent,193,39.28,15,excellent,176,39.57,23,excellent,198,39.57,Extended (1200m),2.3100000000000023,0.28999999999999915
8,"Location (35.1481, -85.2070)",0.0,0,poor,331,0.0,0,poor,453,0.0,0,poor,456,0.0,Conservative (400m),0.0,0.0
9,VWGoA,27.86,2,fair,250,36.25,7,excellent,233,35.92,8,excellent,267,36.25,Moderate (800m),8.39,-0.3299999999999983
10,"Location (35.0348, -85.1568)",36.69,3,excellent,200,36.77,7,excellent,215,37.76,15,excellent,220,37.76,Extended (1200m),0.0800000000000054,0.9899999999999949
11,VWGoA,28.37,3,fair,247,32.03,6,good,270,35.91,8,excellent,268,35.91,Extended (1200m),3.66,3.8799999999999955
12,"Location (35.0266, -85.1941)",36.93,3,excellent,195,37.8,10,excellent,201,37.9,15,excellent,219,37.9,Extended (1200m),0.8699999999999974,0.10000000000000142
13,"Location (35.1397, -85.2457)",35.98,2,excellent,210,35.24,2,excellent,257,35.26,3,excellent,282,35.98,Conservative (400m),-0.7399999999999949,0.01999999999999602
14,"Location (35.1466, -85.2510)",0.0,0,poor,329,0.0,0,poor,328,33.86,2,excellent,298,33.86,Extended (1200m),0.0,33.86
15,"Location (35.1343, -85.2443)",31.1,1,good,242,36.07,6,excellent,238,36.05,9,excellent,263,36.07,Moderate (800m),4.969999999999999,-0.020000000000003126
16,"Location (35.1371, -85.2424)",31.27,1,good,239,35.41,3,excellent,255,35.74,6,excellent,272,35.74,Extended (1200m),4.139999999999997,0.3300000000000054
17,"Location (35.0321, -85.1578)",36.29,2,excellent,206,36.49,5,excellent,223,36.4,7,excellent,255,36.49,Moderate (800m),0.20000000000000284,-0.09000000000000341
18,"Location (35.0379, -85.3148)",43.5,14,excellent,100,62.54,74,excellent,58,71.32,144,excellent,69,71.32,Extended (1200m),19.04,8.779999999999994
19,Long Term Lot 2,0.0,0,poor,335,0.0,0,poor,325,0.0,0,poor,383,0.0,Conservative (400m),0.0,0.0
20,Hixson Plaza,38.55,6,excellent,171,38.12,13,excellent,197,38.63,22,excellent,211,38.63,Extended (1200m),-0.4299999999999997,0.5100000000000051
21,"Location (35.0295, -85.3069)",37.91,5,excellent,176,43.82,35,excellent,113,51.42,88,excellent,117,51.42,Extended (1200m),5.910000000000004,7.600000000000001
22,"Location (35.0565, -85.1899)",0.0,0,poor,282,14.49,1,poor,307,14.43,1,poor,326,14.49,Moderate (800m),14.49,-0.0600000000000005
23,"Location (35.1182, -85.3150)",0.0,0,poor,280,0.0,0,poor,326,0.0,0,poor,356,0.0,Conservative (400m),0.0,0.0
24,"Location (35.0395, -85.1549)",36.35,2,excellent,204,38.39,11,excellent,191,39.42,21,excellent,199,39.42,Extended (1200m),2.039999999999999,1.0300000000000011
25,"Location (35.0486, -85.3163)",36.78,4,excellent,198,70.31,85,excellent,51,78.07,157,excellent,56,78.07,Extended (1200m),33.53,7.759999999999991
26,"Location (35.1160, -85.2772)",0.0,0,poor,281,0.0,0,poor,327,35.61,11,excellent,277,35.61,Extended (1200m),0.0,35.61
27,Trailer Yard,0.0,0,poor,342,26.62,1,fair,296,31.08,5,good,305,31.08,Extended (1200m),26.62,4.459999999999997
28,"Location (35.0404, -85.3213)",37.92,5,excellent,175,39.93,20,excellent,165,54.65,75,excellent,99,54.65,Extended (1200m),2.009999999999998,14.719999999999999
29,"Location (35.0365, -85.1552)",36.76,3,excellent,199,37.46,9,excellent,207,38.47,18,excellent,213,38.47,Extended (1200m),0.7000000000000028,1.009999999999998
30,"Location (35.0714, -85.1375)",32.06,3,good,231,31.75,6,good,273,35.74,9,excellent,271,35.74,Extended (1200m),-0.3100000000000023,3.990000000000002
31,"Location (35.0462, -85.3227)",38.91,7,excellent,168,38.69,16,excellent,187,46.96,42,excellent,130,46.96,Extended (1200m),-0.21999999999999886,8.270000000000003
32,"Location (35.1319, -85.2351)",0.0,0,poor,337,34.76,2,excellent,265,35.1,5,excellent,287,35.1,Extended (1200m),34.76,0.3400000000000034
33,"Location (35.0589, -85.1913)",0.0,0,poor,320,14.33,1,poor,311,14.28,1,poor,328,14.33,Moderate (800m),14.33,-0.05000000000000071
34,"Location (35.1296, -85.2415)",36.23,2,excellent,207,36.62,7,excellent,221,37.44,15,excellent,227,37.44,Extended (1200m),0.39000000000000057,0.8200000000000003
35,"Location (35.1314, -85.2414)",36.16,2,excellent,209,36.05,5,excellent,239,37.02,13,excellent,232,37.02,Extended (1200m),-0.10999999999999943,0.970000000000006
36,"Location (35.0142, -85.2121)",37.55,4,excellent,185,40.55,19,excellent,156,41.51,32,excellent,162,41.51,Extended (1200m),3.0,0.9600000000000009
37,"Location (35.1008, -85.2344)",0.0,0,poor,341,30.95,3,good,288,30.92,4,good,307,30.95,Moderate (800m),30.95,-0.029999999999997584
38,"Location (35.0084, -85.2163)",40.48,8,excellent,143,40.45,19,excellent,159,40.9,30,excellent,172,40.9,Extended (1200m),-0.02999999999999403,0.44999999999999574
39,"Location (35.1830, -85.2430)",0.0,0,poor,343,0.0,0,poor,445,0.0,0,poor,452,0.0,Conservative (400m),0.0,0.0
40,Brainerd Hills Baptist Church,0.0,0,poor,344,0.0,0,poor,450,34.97,7,excellent,290,34.97,Extended (1200m),0.0,34.97
41,"Location (35.0119, -85.2118)",38.81,6,excellent,169,40.96,21,excellent,150,40.67,29,excellent,178,40.96,Moderate (800m),2.1499999999999986,-0.28999999999999915
42,"Location (35.0338, -85.1606)",36.34,2,excellent,205,36.26,5,excellent,232,39.35,22,excellent,202,39.35,Extended (1200m),-0.0800000000000054,3.0900000000000034
43,"Location (35.0740, -85.1042)",0.0,0,poor,296,0.0,0,poor,447,0.0,0,poor,451,0.0,Conservative (400m),0.0,0.0
44,"Location (35.0956, -85.0595)",0.0,0,poor,283,0.0,0,poor,448,0.0,0,poor,454,0.0,Conservative (400m),0.0,0.0
45,"Location (35.0924, -85.3103)",0.0,0,poor,334,0.0,0,poor,449,0.0,0,poor,453,0.0,Conservative (400m),0.0,0.0
46,"Location (35.1015, -85.2385)",27.24,1,fair,257,31.32,3,good,285,31.28,4,good,302,31.32,Moderate (800m),4.080000000000002,-0.03999999999999915
47,"Location (35.1304, -85.2379)",35.93,2,excellent,212,35.12,2,excellent,260,36.1,9,excellent,262,36.1,Extended (1200m),-0.8100000000000023,0.980000000000004
48,"Location (35.0574, -85.2803)",32.5,3,good,224,35.92,5,excellent,241,39.39,25,excellent,200,39.39,Extended (1200m),3.4200000000000017,3.469999999999999
49,"Location (35.1323, -85.2382)",31.23,1,good,241,35.19,2,excellent,258,36.18,9,excellent,261,36.18,Extended (1200m),3.9599999999999973,0.990000000000002
50,"Location (35.0094, -85.3878)",0.0,0,poor,284,0.0,0,poor,366,0.0,0,poor,348,0.0,Conservative (400m),0.0,0.0
51,Publix Parking Lot,0.0,0,poor,275,0.0,0,poor,324,0.0,0,poor,347,0.0,Conservative (400m),0.0,0.0
52,"Location (35.0554, -85.3148)",37.83,2,excellent,179,51.89,45,excellent,87,60.93,99,excellent,87,60.93,Extended (1200m),14.060000000000002,9.04
53,"Location (35.0985, -85.2375)",32.26,3,good,225,31.56,4,good,277,31.29,4,good,301,32.26,Conservative (400m),-0.6999999999999993,-0.2699999999999996
54,"Location (35.0093, -85.2136)",41.52,9,excellent,122,41.28,21,excellent,144,41.42,31,excellent,165,41.52,Conservative (400m),-0.240000000000002,0.14000000000000057
55,"Location (35.0053, -85.1493)",0.0,0,poor,278,0.0,0,poor,316,0.0,0,poor,362,0.0,Conservative (400m),0.0,0.0
56,"Location (35.0567, -85.1286)",0.0,0,poor,279,14.04,1,poor,315,13.98,1,poor,332,14.04,Moderate (800m),14.04,-0.05999999999999872
57,"Location (35.1355, -85.2454)",35.72,2,excellent,216,35.75,5,excellent,245,36.05,9,excellent,264,36.05,Extended (1200m),0.030000000000001137,0.29999999999999716
58,"Location (35.0353, -85.1609)",35.74,1,excellent,215,36.71,6,excellent,219,40.12,25,excellent,185,40.12,Extended (1200m),0.9699999999999989,3.4099999999999966
59,"Location (35.0243, -85.2452)",42.1,10,excellent,114,40.67,19,excellent,155,40.35,26,excellent,183,42.1,Conservative (400m),-1.4299999999999997,-0.3200000000000003
60,"Location (35.0346, -85.2663)",44.36,15,excellent,94,51.78,69,excellent,88,52.28,105,excellent,114,52.28,Extended (1200m),7.420000000000002,0.5
61,"Location (35.0417, -85.3073)",84.22,51,excellent,11,88.13,138,excellent,20,89.85,218,excellent,28,89.85,Extended (1200m),3.9099999999999966,1.7199999999999989
62,"Location (35.1383, -85.2797)",0.0,0,poor,326,0.0,0,poor,317,0.0,0,poor,361,0.0,Conservative (400m),0.0,0.0
63,"Location (35.0501, -85.1270)",0.0,0,poor,327,0.0,0,poor,318,0.0,0,poor,378,0.0,Conservative (400m),0.0,0.0
64,"Location (35.0302, -85.2171)",0.0,0,poor,328,0.0,0,poor,320,0.0,0,poor,375,0.0,Conservative (400m),0.0,0.0
65,"Location (35.0632, -85.3147)",37.84,5,excellent,178,41.85,28,excellent,133,43.87,44,excellent,150,43.87,Extended (1200m),4.009999999999998,2.019999999999996
66,"Location (35.0081, -85.3889)",0.0,0,poor,330,0.0,0,poor,319,0.0,0,poor,376,0.0,Conservative (400m),0.0,0.0
67,"Location (35.0378, -85.2588)",39.74,9,excellent,156,40.9,28,excellent,151,46.52,75,excellent,134,46.52,Extended (1200m),1.1599999999999966,5.6200000000000045
68,"Location (35.0124, -85.1897)",0.0,0,poor,332,0.0,0,poor,321,0.0,0,poor,377,0.0,Conservative (400m),0.0,0.0
69,"Location (35.0857, -85.1316)",27.3,1,fair,255,26.93,1,fair,295,31.39,5,good,300,31.39,Extended (1200m),-0.370000000000001,4.460000000000001
70,"Location (35.1287, -85.2380)",35.4,1,excellent,218,35.71,4,excellent,246,36.54,11,excellent,248,36.54,Extended (1200m),0.3100000000000023,0.8299999999999983
71,"Location (35.0616, -85.1407)",0.0,0,poor,268,14.41,1,poor,309,26.62,3,fair,314,26.62,Extended (1200m),14.41,12.21
72,"Location (35.0985, -85.2411)",32.21,3,good,226,31.51,4,good,279,31.23,4,good,303,32.21,Conservative (400m),-0.6999999999999993,-0.28000000000000114
73,"Location (35.0339, -85.2680)",46.89,18,excellent,81,52.72,72,excellent,83,51.84,100,excellent,116,52.72,Moderate (800m),5.829999999999998,-0.8799999999999955
74,"Location (35.0828, -85.0824)",0.0,0,poor,269,0.0,0,poor,424,0.0,0,poor,418,0.0,Conservative (400m),0.0,0.0
75,"Location (35.0366, -85.1597)",35.89,1,excellent,213,38.09,10,excellent,198,40.06,24,excellent,186,40.06,Extended (1200m),2.200000000000003,1.9699999999999989
76,"Location (35.0475, -85.1568)",0.0,0,poor,271,37.04,9,excellent,212,37.67,16,excellent,222,37.67,Extended (1200m),37.04,0.6300000000000026
77,"Location (35.0373, -85.3177)",37.04,4,excellent,192,43.13,33,excellent,119,63.8,114,excellent,80,63.8,Extended (1200m),6.090000000000003,20.669999999999995
78,"Location (35.0980, -85.3290)",0.0,0,poor,273,0.0,0,poor,423,0.0,0,poor,415,0.0,Conservative (400m),0.0,0.0
79,"Location (35.0408, -85.2200)",15.49,2,poor,264,15.28,4,poor,304,15.16,5,poor,323,15.49,Conservative (400m),-0.21000000000000085,-0.11999999999999922
80,"Location (35.0309, -85.3631)",0.0,0,poor,303,0.0,0,poor,413,0.0,0,poor,421,0.0,Conservative (400m),0.0,0.0
81,"Location (35.0743, -85.1868)",33.28,5,good,220,36.34,8,excellent,229,36.49,13,excellent,251,36.49,Extended (1200m),3.0600000000000023,0.14999999999999858
82,"Location (35.0981, -85.2447)",27.28,1,fair,256,31.53,4,good,278,35.55,6,excellent,278,35.55,Extended (1200m),4.25,4.019999999999996
83,Ooltewah High School's Parking Lot #1,0.0,0,poor,304,0.0,0,poor,414,0.0,0,poor,422,0.0,Conservative (400m),0.0,0.0
84,"Location (35.0810, -85.2970)",0.0,0,poor,305,36.08,8,excellent,236,37.17,18,excellent,228,37.17,Extended (1200m),36.08,1.0900000000000034
85,"Location (35.1065, -85.2718)",39.89,8,excellent,151,39.74,19,excellent,170,39.59,27,excellent,197,39.89,Conservative (400m),-0.14999999999999858,-0.14999999999999858
86,"Location (35.1268, -85.2384)",35.32,1,excellent,219,35.82,5,excellent,243,36.8,13,excellent,238,36.8,Extended (1200m),0.5,0.9799999999999969
87,"Location (35.0681, -85.1478)",0.0,0,poor,308,26.48,2,fair,298,35.05,7,excellent,289,35.05,Extended (1200m),26.48,8.569999999999997
88,"Location (35.0865, -85.1334)",27.57,1,fair,253,27.2,1,fair,293,27.12,1,fair,313,27.57,Conservative (400m),-0.370000000000001,-0.0799999999999983
89,"Location (35.0092, -85.3859)",0.0,0,poor,297,0.0,0,poor,432,0.0,0,poor,444,0.0,Conservative (400m),0.0,0.0
90,Highland Plaza,31.36,1,good,238,35.25,2,excellent,256,35.61,5,excellent,276,35.61,Extended (1200m),3.8900000000000006,0.35999999999999943
91,"Location (35.0241, -85.2913)",39.79,10,excellent,155,42.34,35,excellent,128,44.29,63,excellent,148,44.29,Extended (1200m),2.5500000000000043,1.9499999999999957
92,"Location (35.0132, -85.1859)",0.0,0,poor,300,0.0,0,poor,436,0.0,0,poor,443,0.0,Conservative (400m),0.0,0.0
93,"Location (35.0978, -85.2685)",0.0,0,poor,301,35.14,5,excellent,259,36.77,17,excellent,239,36.77,Extended (1200m),35.14,1.6300000000000026
94,"Location (35.0958, -85.2230)",0.0,0,poor,302,0.0,0,poor,435,21.88,1,limited,320,21.88,Extended (1200m),0.0,21.88
95,"Location (35.0369, -85.1581)",36.41,2,excellent,203,37.88,10,excellent,200,39.64,23,excellent,195,39.64,Extended (1200m),1.470000000000006,1.759999999999998
96,"Location (35.0152, -85.2073)",39.03,6,excellent,167,38.73,13,excellent,186,40.47,27,excellent,181,40.47,Extended (1200m),-0.30000000000000426,1.740000000000002
97,"Location (35.0210, -85.2908)",40.47,11,excellent,144,39.07,21,excellent,179,44.03,58,excellent,149,44.03,Extended (1200m),-1.3999999999999986,4.960000000000001
98,"Location (35.1246, -85.2392)",0.0,0,poor,291,35.55,5,excellent,251,36.87,15,excellent,236,36.87,Extended (1200m),35.55,1.3200000000000003
99,"Location (35.0387, -85.1471)",0.0,0,poor,292,35.48,4,excellent,252,35.73,7,excellent,273,35.73,Extended (1200m),35.48,0.25
100,"Location (35.0668, -85.2066)",0.0,0,poor,293,0.0,0,poor,437,0.0,0,poor,445,0.0,Conservative (400m),0.0,0.0
101,"Location (35.0631, -85.1917)",0.0,0,poor,365,0.0,0,poor,438,30.06,4,good,311,30.06,Extended (1200m),0.0,30.06
102,"Location (35.0059, -85.3898)",0.0,0,poor,366,0.0,0,poor,331,0.0,0,poor,403,0.0,Conservative (400m),0.0,0.0
103,"Location (35.0575, -85.2541)",41.49,12,excellent,124,44.5,45,excellent,107,46.64,82,excellent,133,46.64,Extended (1200m),3.009999999999998,2.1400000000000006
104,"Location (35.0700, -85.1410)",27.92,2,fair,249,31.7,4,good,275,36.0,8,excellent,265,36.0,Extended (1200m),3.7799999999999976,4.300000000000001
105,"Location (35.0069, -85.3905)",0.0,0,poor,368,0.0,0,poor,391,0.0,0,poor,402,0.0,Conservative (400m),0.0,0.0
106,"Location (35.0463, -85.3161)",42.1,9,excellent,113,71.16,85,excellent,50,80.97,170,excellent,51,80.97,Extended (1200m),29.059999999999995,9.810000000000002
107,"Location (35.0129, -85.1873)",0.0,0,poor,369,0.0,0,poor,394,0.0,0,poor,401,0.0,Conservative (400m),0.0,0.0
108,"Location (35.0480, -85.2928)",57.05,20,excellent,48,55.21,47,excellent,75,59.54,95,excellent,90,59.54,Extended (1200m),-1.8399999999999963,4.329999999999998
109,"Location (35.1148, -85.2930)",0.0,0,poor,383,0.0,0,poor,390,0.0,0,poor,400,0.0,Conservative (400m),0.0,0.0
110,"Location (35.0308, -85.3055)",37.85,5,excellent,177,46.68,44,excellent,102,53.22,94,excellent,108,53.22,Extended (1200m),8.829999999999998,6.539999999999999
111,"Location (35.0633, -85.1634)",0.0,0,poor,407,0.0,0,poor,393,29.73,3,good,312,29.73,Extended (1200m),0.0,29.73
112,"Location (35.0343, -85.2190)",0.0,0,poor,395,0.0,0,poor,392,13.84,3,poor,335,13.84,Extended (1200m),0.0,13.84
113,"Location (35.0468, -85.3023)",54.3,22,excellent,54,85.94,132,excellent,28,96.56,220,excellent,8,96.56,Extended (1200m),31.64,10.620000000000005
114,"Location (35.0822, -85.3207)",0.0,0,poor,359,0.0,0,poor,389,0.0,0,poor,384,0.0,Conservative (400m),0.0,0.0
115,"Location (35.0331, -85.1567)",36.85,3,excellent,197,36.62,6,excellent,220,36.86,10,excellent,237,36.86,Extended (1200m),-0.23000000000000398,0.240000000000002
116,"Location (35.0350, -85.3162)",39.87,9,excellent,152,44.12,36,excellent,110,61.01,105,excellent,86,61.01,Extended (1200m),4.25,16.89
117,"Location (35.0101, -85.3267)",40.77,9,excellent,136,43.86,34,excellent,112,45.63,59,excellent,137,45.63,Extended (1200m),3.0899999999999963,1.7700000000000031
118,"Location (35.0641, -85.2729)",23.32,1,limited,260,31.88,5,good,272,39.13,25,excellent,205,39.13,Extended (1200m),8.559999999999999,7.2500000000000036
119,"Location (35.0438, -85.2821)",45.29,12,excellent,93,48.81,38,excellent,94,54.64,83,excellent,100,54.64,Extended (1200m),3.520000000000003,5.829999999999998
120,"Location (35.0456, -85.2590)",40.26,10,excellent,148,43.36,41,excellent,116,47.36,87,excellent,128,47.36,Extended (1200m),3.1000000000000014,4.0
121,"Location (35.0582, -85.1912)",0.0,0,poor,400,14.43,1,poor,308,14.37,1,poor,327,14.43,Moderate (800m),14.43,-0.0600000000000005
122,"Location (35.1434, -85.2381)",0.0,0,poor,401,30.09,1,good,291,34.18,2,excellent,294,34.18,Extended (1200m),30.09,4.09
123,"Location (35.0117, -85.2427)",0.0,0,poor,402,35.09,4,excellent,261,37.67,18,excellent,223,37.67,Extended (1200m),35.09,2.5799999999999983
124,"Location (35.1105, -85.3209)",0.0,0,poor,403,0.0,0,poor,386,0.0,0,poor,388,0.0,Conservative (400m),0.0,0.0
125,"Location (35.0516, -85.3070)",76.44,46,excellent,20,77.51,105,excellent,41,85.06,178,excellent,41,85.06,Extended (1200m),1.0700000000000074,7.549999999999997
126,"Location (35.0871, -85.1891)",29.33,5,fair,245,32.61,9,good,268,36.55,13,excellent,246,36.55,Extended (1200m),3.280000000000001,3.9399999999999977
127,"Location (35.0068, -85.2108)",39.33,6,excellent,158,39.23,14,excellent,178,40.37,26,excellent,182,40.37,Extended (1200m),-0.10000000000000142,1.1400000000000006
128,"Location (35.0543, -85.2811)",31.94,2,good,232,37.62,11,excellent,203,45.6,41,excellent,138,45.6,Extended (1200m),5.679999999999996,7.980000000000004
129,"Location (35.0129, -85.1886)",0.0,0,poor,451,0.0,0,poor,388,0.0,0,poor,387,0.0,Conservative (400m),0.0,0.0
130,"Location (35.1035, -85.3245)",0.0,0,poor,452,0.0,0,poor,387,0.0,0,poor,390,0.0,Conservative (400m),0.0,0.0
131,"Location (35.0588, -85.2533)",41.37,12,excellent,128,44.45,45,excellent,109,46.11,78,excellent,136,46.11,Extended (1200m),3.0800000000000054,1.6599999999999966
132,"Location (35.0592, -85.1893)",0.0,0,poor,454,14.14,1,poor,313,14.08,1,poor,330,14.14,Moderate (800m),14.14,-0.0600000000000005
133,"Location (35.0580, -85.2772)",27.93,2,fair,248,37.59,10,excellent,204,40.0,29,excellent,188,40.0,Extended (1200m),9.660000000000004,2.4099999999999966
134,CCA lot,0.0,0,poor,361,30.14,1,good,290,35.22,8,excellent,284,35.22,Extended (1200m),30.14,5.079999999999998
135,"Location (35.0147, -85.3261)",41.45,10,excellent,127,44.69,36,excellent,106,44.8,54,excellent,145,44.8,Extended (1200m),3.239999999999995,0.10999999999999943
136,"Location (35.0434, -85.2808)",46.91,14,excellent,80,49.17,39,excellent,93,54.85,89,excellent,97,54.85,Extended (1200m),2.260000000000005,5.68
137,"Location (35.0505, -85.3152)",31.06,1,good,243,70.23,86,excellent,52,76.52,150,excellent,60,76.52,Extended (1200m),39.17,6.289999999999992
138,"Location (35.0630, -85.3218)",0.0,0,poor,360,34.95,4,excellent,263,36.34,15,excellent,258,36.34,Extended (1200m),34.95,1.3900000000000006
139,"Location (35.1081, -85.2368)",0.0,0,poor,406,0.0,0,poor,401,25.73,1,fair,318,25.73,Extended (1200m),0.0,25.73
140,"Location (35.0488, -85.2413)",15.31,1,poor,265,15.74,5,poor,303,15.56,6,poor,322,15.74,Moderate (800m),0.4299999999999997,-0.17999999999999972
141,"Location (35.0554, -85.1895)",0.0,0,poor,405,14.5,1,poor,306,14.44,1,poor,325,14.5,Moderate (800m),14.5,-0.0600000000000005
142,"Location (35.0196, -85.3137)",37.4,4,excellent,187,40.75,23,excellent,153,42.96,45,excellent,154,42.96,Extended (1200m),3.3500000000000014,2.210000000000001
143,"Location (35.0526, -85.1851)",0.0,0,poor,380,0.0,0,poor,402,13.81,1,poor,336,13.81,Extended (1200m),0.0,13.81
144,"Location (35.0997, -85.2429)",27.01,1,fair,259,31.33,4,good,284,35.18,5,excellent,285,35.18,Extended (1200m),4.319999999999997,3.8500000000000014
145,"Location (35.0679, -85.3144)",40.4,10,excellent,146,40.45,24,excellent,160,40.64,33,excellent,179,40.64,Extended (1200m),0.05000000000000426,0.18999999999999773
146,"Location (35.0069, -85.3887)",0.0,0,poor,373,0.0,0,poor,348,0.0,0,poor,370,0.0,Conservative (400m),0.0,0.0
147,"Location (35.1593, -85.1957)",0.0,0,poor,372,0.0,0,poor,347,0.0,0,poor,371,0.0,Conservative (400m),0.0,0.0
148,"Location (35.1304, -85.2352)",0.0,0,poor,367,34.79,2,excellent,264,35.09,5,excellent,288,35.09,Extended (1200m),34.79,0.30000000000000426
149,"Location (35.0346, -85.2698)",48.94,22,excellent,67,53.24,74,excellent,82,53.01,106,excellent,109,53.24,Moderate (800m),4.300000000000004,-0.23000000000000398
150,"Location (35.1089, -85.2135)",0.0,0,poor,362,0.0,0,poor,356,0.0,0,poor,372,0.0,Conservative (400m),0.0,0.0
151,"Location (35.1293, -85.2475)",36.59,3,excellent,202,37.65,11,excellent,202,37.63,16,excellent,224,37.65,Moderate (800m),1.0599999999999952,-0.01999999999999602
152,"Location (35.0228, -85.2752)",40.96,10,excellent,135,43.95,37,excellent,111,47.14,72,excellent,129,47.14,Extended (1200m),2.990000000000002,3.1899999999999977
153,"Location (35.1194, -85.2907)",0.0,0,poor,436,0.0,0,poor,357,0.0,0,poor,373,0.0,Conservative (400m),0.0,0.0
154,"Location (35.0090, -85.3291)",40.66,9,excellent,139,41.61,26,excellent,138,44.35,52,excellent,147,44.35,Extended (1200m),0.9500000000000028,2.740000000000002
155,"Location (35.0186, -85.1714)",0.0,0,poor,434,0.0,0,poor,353,0.0,0,poor,374,0.0,Conservative (400m),0.0,0.0
156,"Location (35.0327, -85.1841)",37.54,4,excellent,186,37.06,8,excellent,211,36.94,11,excellent,233,37.54,Conservative (400m),-0.4799999999999969,-0.12000000000000455
157,"Location (35.0387, -85.3114)",61.19,32,excellent,33,74.14,104,excellent,49,77.85,169,excellent,57,77.85,Extended (1200m),12.950000000000003,3.7099999999999937
158,"Location (35.0185, -85.2388)",42.19,10,excellent,111,40.69,19,excellent,154,40.79,28,excellent,176,42.19,Conservative (400m),-1.5,0.10000000000000142
159,"Location (35.1072, -85.2956)",0.0,0,poor,420,0.0,0,poor,354,0.0,0,poor,414,0.0,Conservative (400m),0.0,0.0
160,"Location (35.0471, -85.3177)",40.38,9,excellent,147,61.13,61,excellent,64,75.9,148,excellent,63,75.9,Extended (1200m),20.75,14.770000000000003
161,Cell Waiting Lot,0.0,0,poor,455,35.62,5,excellent,250,36.63,12,excellent,244,36.63,Extended (1200m),35.62,1.0100000000000051
162,"Location (35.0554, -85.2832)",31.87,2,good,233,31.39,3,good,282,43.57,30,excellent,152,43.57,Extended (1200m),-0.4800000000000004,12.18
163,"Location (35.0142, -85.1878)",0.0,0,poor,453,0.0,0,poor,352,0.0,0,poor,413,0.0,Conservative (400m),0.0,0.0
164,"Location (35.0823, -85.0555)",0.0,0,poor,450,0.0,0,poor,351,0.0,0,poor,412,0.0,Conservative (400m),0.0,0.0
165,"Location (35.0439, -85.2878)",48.24,12,excellent,71,52.4,42,excellent,84,56.63,86,excellent,94,56.63,Extended (1200m),4.159999999999997,4.230000000000004
166,"Location (35.1325, -85.2367)",31.03,1,good,244,34.99,2,excellent,262,35.63,7,excellent,275,35.63,Extended (1200m),3.960000000000001,0.6400000000000006
167,"Location (35.0087, -85.3899)",0.0,0,poor,445,0.0,0,poor,416,0.0,0,poor,437,0.0,Conservative (400m),0.0,0.0
168,"Location (35.1183, -85.2786)",0.0,0,poor,457,0.0,0,poor,421,34.17,5,excellent,295,34.17,Extended (1200m),0.0,34.17
169,"Location (35.0316, -85.3046)",40.56,9,excellent,141,47.38,46,excellent,100,54.88,106,excellent,96,54.88,Extended (1200m),6.82,7.5
170,"Location (35.1357, -85.2813)",0.0,0,poor,289,0.0,0,poor,420,0.0,0,poor,436,0.0,Conservative (400m),0.0,0.0
171,"Location (35.0612, -85.3059)",44.19,13,excellent,96,41.75,25,excellent,136,53.81,84,excellent,106,53.81,Extended (1200m),-2.4399999999999977,12.060000000000002
172,"Location (35.0599, -85.1340)",15.24,1,poor,266,14.95,1,poor,305,14.89,1,poor,324,15.24,Conservative (400m),-0.2900000000000009,-0.05999999999999872
173,"Location (35.0098, -85.2182)",41.49,9,excellent,125,41.34,21,excellent,143,41.81,33,excellent,160,41.81,Extended (1200m),-0.14999999999999858,0.46999999999999886
174,"Location (35.1454, -85.2251)",0.0,0,poor,336,0.0,0,poor,419,0.0,0,poor,435,0.0,Conservative (400m),0.0,0.0
175,"Location (35.0322, -85.2740)",47.25,19,excellent,77,47.07,45,excellent,101,55.09,115,excellent,95,55.09,Extended (1200m),-0.17999999999999972,8.020000000000003
176,"Location (35.0433, -85.2582)",41.07,11,excellent,133,42.06,34,excellent,130,46.85,82,excellent,131,46.85,Extended (1200m),0.990000000000002,4.789999999999999
177,"Location (35.0603, -85.1866)",0.0,0,poor,432,0.0,0,poor,431,13.69,1,poor,339,13.69,Extended (1200m),0.0,13.69
178,"Location (35.0213, -85.3238)",36.9,4,excellent,196,41.48,26,excellent,141,42.17,42,excellent,158,42.17,Extended (1200m),4.579999999999998,0.6900000000000048
179,"Location (35.0484, -85.3213)",39.11,7,excellent,164,38.37,14,excellent,192,62.32,93,excellent,83,62.32,Extended (1200m),-0.740000000000002,23.950000000000003
180,"Location (35.0911, -85.1313)",0.0,0,poor,307,26.43,1,fair,300,26.35,1,fair,316,26.43,Moderate (800m),26.43,-0.0799999999999983
181,"Location (35.1450, -85.2380)",0.0,0,poor,306,0.0,0,poor,430,33.97,2,excellent,297,33.97,Extended (1200m),0.0,33.97
182,"Location (35.0730, -85.1843)",32.8,4,good,221,36.76,10,excellent,216,36.51,13,excellent,249,36.76,Moderate (800m),3.960000000000001,-0.25
183,"Location (35.0733, -85.1997)",22.96,1,limited,262,31.05,3,good,287,35.26,6,excellent,283,35.26,Extended (1200m),8.09,4.209999999999997
184,"Location (35.0620, -85.1926)",0.0,0,poor,299,0.0,0,poor,429,13.86,1,poor,334,13.86,Extended (1200m),0.0,13.86
185,"Location (35.0558, -85.1319)",0.0,0,poor,298,14.21,1,poor,312,14.15,1,poor,329,14.21,Moderate (800m),14.21,-0.0600000000000005
186,"Location (35.0817, -85.0863)",0.0,0,poor,290,0.0,0,poor,428,0.0,0,poor,440,0.0,Conservative (400m),0.0,0.0
187,"Location (35.1345, -85.2393)",31.25,1,good,240,35.47,3,excellent,253,35.86,7,excellent,269,35.86,Extended (1200m),4.219999999999999,0.39000000000000057
188,"Location (35.1420, -85.2350)",0.0,0,poor,276,0.0,0,poor,427,34.12,3,excellent,296,34.12,Extended (1200m),0.0,34.12
189,"Location (35.0583, -85.1248)",0.0,0,poor,272,0.0,0,poor,434,13.65,1,poor,340,13.65,Extended (1200m),0.0,13.65
190,"Location (35.0162, -85.3838)",0.0,0,poor,270,0.0,0,poor,442,0.0,0,poor,420,0.0,Conservative (400m),0.0,0.0
191,"Location (35.0469, -85.2948)",59.4,23,excellent,38,60.18,63,excellent,68,61.65,107,excellent,85,61.65,Extended (1200m),0.7800000000000011,1.4699999999999989
192,"Location (35.0966, -85.2197)",0.0,0,poor,267,0.0,0,poor,441,21.82,1,limited,321,21.82,Extended (1200m),0.0,21.82
193,"Location (35.0717, -85.1848)",32.09,3,good,229,36.37,9,excellent,228,36.32,13,excellent,259,36.37,Moderate (800m),4.279999999999994,-0.04999999999999716
194,"Location (35.1413, -85.2302)",0.0,0,poor,274,0.0,0,poor,433,0.0,0,poor,419,0.0,Conservative (400m),0.0,0.0
195,"Location (35.1310, -85.2387)",35.96,2,excellent,211,35.65,4,excellent,248,36.31,10,excellent,260,36.31,Extended (1200m),-0.3100000000000023,0.6600000000000037
196,"Location (35.1336, -85.2397)",31.4,1,good,237,35.62,3,excellent,249,36.35,9,excellent,257,36.35,Extended (1200m),4.219999999999999,0.730000000000004
197,"Location (35.0457, -85.2877)",49.87,12,excellent,66,51.92,39,excellent,86,56.64,86,excellent,93,56.64,Extended (1200m),2.0500000000000043,4.719999999999999
198,"Location (35.0546, -85.2827)",31.87,2,good,234,36.71,8,excellent,218,45.13,37,excellent,142,45.13,Extended (1200m),4.84,8.420000000000002
199,"Location (35.1305, -85.2177)",0.0,0,poor,444,0.0,0,poor,377,0.0,0,poor,350,0.0,Conservative (400m),0.0,0.0
200,"Location (35.0080, -85.3917)",0.0,0,poor,443,0.0,0,poor,378,0.0,0,poor,349,0.0,Conservative (400m),0.0,0.0
201,"Location (35.0287, -85.2010)",0.0,0,poor,439,35.78,6,excellent,244,36.48,12,excellent,253,36.48,Extended (1200m),35.78,0.6999999999999957
202,"Location (35.0730, -85.2366)",28.76,4,fair,246,32.34,8,good,269,38.27,25,excellent,215,38.27,Extended (1200m),3.580000000000002,5.93
203,Rental Car Lot,0.0,0,poor,392,0.0,0,poor,406,34.61,6,excellent,291,34.61,Extended (1200m),0.0,34.61
204,"Location (35.0126, -85.1632)",0.0,0,poor,393,0.0,0,poor,405,0.0,0,poor,427,0.0,Conservative (400m),0.0,0.0
205,"Location (35.0463, -85.3041)",57.31,28,excellent,44,93.01,141,excellent,6,97.51,227,excellent,5,97.51,Extended (1200m),35.7,4.5
206,"Location (35.0782, -85.2666)",32.07,2,good,230,36.46,7,excellent,224,36.88,13,excellent,235,36.88,Extended (1200m),4.390000000000001,0.4200000000000017
207,"Location (35.0155, -85.3245)",46.36,17,excellent,84,44.49,35,excellent,108,45.43,57,excellent,140,46.36,Conservative (400m),-1.8699999999999974,0.9399999999999977
208,"Location (35.0842, -85.0707)",0.0,0,poor,408,0.0,0,poor,404,0.0,0,poor,428,0.0,Conservative (400m),0.0,0.0
209,"Location (35.0575, -85.1258)",0.0,0,poor,396,0.0,0,poor,403,13.72,1,poor,338,13.72,Extended (1200m),0.0,13.72
210,"Location (35.0323, -85.1595)",35.62,1,excellent,217,36.25,4,excellent,234,36.68,8,excellent,242,36.68,Extended (1200m),0.6300000000000026,0.4299999999999997
211,"Location (35.0503, -85.3132)",64.56,33,excellent,30,75.75,98,excellent,46,81.27,165,excellent,50,81.27,Extended (1200m),11.189999999999998,5.519999999999996
212,"Location (35.0624, -85.1295)",0.0,0,poor,398,14.4,1,poor,310,26.6,3,fair,315,26.6,Extended (1200m),14.4,12.200000000000001
213,"Location (35.0624, -85.2982)",38.59,6,excellent,170,39.86,18,excellent,166,42.98,41,excellent,153,42.98,Extended (1200m),1.269999999999996,3.1199999999999974
214,"Location (35.0229, -85.2482)",40.43,8,excellent,145,40.15,18,excellent,164,39.72,24,excellent,191,40.43,Conservative (400m),-0.28000000000000114,-0.4299999999999997
215,"Location (35.0695, -85.1516)",0.0,0,poor,387,31.06,4,good,286,35.44,9,excellent,279,35.44,Extended (1200m),31.06,4.379999999999999
216,"Location (35.0953, -85.0624)",0.0,0,poor,388,0.0,0,poor,407,0.0,0,poor,442,0.0,Conservative (400m),0.0,0.0
217,"Location (35.0152, -85.2208)",0.0,0,poor,389,39.46,17,excellent,174,40.95,32,excellent,171,40.95,Extended (1200m),39.46,1.490000000000002
218,"Location (35.1003, -85.2398)",27.4,1,fair,254,31.71,4,good,274,31.44,4,good,299,31.71,Moderate (800m),4.310000000000002,-0.2699999999999996
219,"Location (35.0754, -85.2644)",27.16,1,fair,258,36.4,8,excellent,227,36.58,13,excellent,245,36.58,Extended (1200m),9.239999999999998,0.17999999999999972
220,"Location (35.0394, -85.2659)",41.22,12,excellent,131,50.63,68,excellent,90,54.4,118,excellent,101,54.4,Extended (1200m),9.410000000000004,3.769999999999996
221,"Location (35.1126, -85.3250)",0.0,0,poor,390,0.0,0,poor,408,0.0,0,poor,439,0.0,Conservative (400m),0.0,0.0
222,32,51.31,18,excellent,62,57.87,58,excellent,73,82.4,174,excellent,48,82.4,Extended (1200m),6.559999999999995,24.53000000000001
223,"Location (35.0448, -85.3341)",0.0,0,poor,386,0.0,0,poor,409,0.0,0,poor,441,0.0,Conservative (400m),0.0,0.0
224,"Location (35.0470, -85.2966)",57.72,24,excellent,43,60.94,67,excellent,66,68.5,133,excellent,74,68.5,Extended (1200m),3.219999999999999,7.560000000000002
225,"Location (35.0730, -85.1531)",32.19,3,good,227,31.64,5,good,276,35.98,10,excellent,266,35.98,Extended (1200m),-0.5499999999999972,4.339999999999996
226,"Location (35.0600, -85.3011)",37.08,4,excellent,191,40.25,20,excellent,163,51.11,70,excellent,119,51.11,Extended (1200m),3.1700000000000017,10.86
227,"Location (34.9871, -85.2876)",43.56,13,excellent,99,40.28,21,excellent,162,39.66,28,excellent,194,43.56,Conservative (400m),-3.280000000000001,-0.6200000000000045
228,"Location (35.0604, -85.1544)",0.0,0,poor,385,0.0,0,poor,410,0.0,0,poor,438,0.0,Conservative (400m),0.0,0.0
229,Oakwood Baptist Church Parking Lot,0.0,0,poor,384,26.57,3,fair,297,35.15,9,excellent,286,35.15,Extended (1200m),26.57,8.579999999999998
230,"Location (35.1320, -85.2399)",36.2,2,excellent,208,35.89,4,excellent,242,36.55,10,excellent,247,36.55,Extended (1200m),-0.3100000000000023,0.6599999999999966
231,"Location (35.0061, -85.2141)",38.27,5,excellent,174,39.83,17,excellent,167,40.05,26,excellent,187,40.05,Extended (1200m),1.5599999999999952,0.21999999999999886
232,"Location (35.0205, -85.2881)",39.49,9,excellent,157,38.92,20,excellent,181,44.81,62,excellent,144,44.81,Extended (1200m),-0.5700000000000003,5.890000000000001
233,"Location (35.1246, -85.2368)",0.0,0,poor,404,34.45,1,excellent,266,36.38,13,excellent,256,36.38,Extended (1200m),34.45,1.9299999999999997
234,"Location (35.1073, -85.2372)",0.0,0,poor,399,0.0,0,poor,350,25.87,1,fair,317,25.87,Extended (1200m),0.0,25.87
235,"Location (35.0107, -85.1644)",0.0,0,poor,397,0.0,0,poor,349,0.0,0,poor,430,0.0,Conservative (400m),0.0,0.0
236,"Location (35.0401, -85.2587)",40.52,10,excellent,142,41.54,31,excellent,139,47.89,85,excellent,126,47.89,Extended (1200m),1.019999999999996,6.350000000000001
237,"Location (35.0488, -85.1461)",0.0,0,poor,394,0.0,0,poor,345,0.0,0,poor,429,0.0,Conservative (400m),0.0,0.0
238,"Location (35.1338, -85.2408)",31.45,1,good,236,36.43,6,excellent,225,36.4,9,excellent,254,36.43,Moderate (800m),4.98,-0.030000000000001137
239,"Location (35.0361, -85.2689)",47.73,22,excellent,74,53.87,77,excellent,80,54.32,115,excellent,102,54.32,Extended (1200m),6.140000000000001,0.45000000000000284
240,"Location (35.1240, -85.3062)",0.0,0,poor,391,0.0,0,poor,346,0.0,0,poor,431,0.0,Conservative (400m),0.0,0.0
241,"Location (35.0564, -85.1259)",0.0,0,poor,371,0.0,0,poor,344,13.65,1,poor,341,13.65,Extended (1200m),0.0,13.65
242,"Location (35.0389, -85.3084)",71.6,41,excellent,23,76.97,114,excellent,44,80.66,182,excellent,53,80.66,Extended (1200m),5.3700000000000045,3.6899999999999977
243,"Location (35.1330, -85.2406)",31.55,1,good,235,36.27,5,excellent,231,36.5,9,excellent,250,36.5,Extended (1200m),4.720000000000002,0.22999999999999687
244,"Location (35.1181, -85.2505)",37.34,4,excellent,188,38.66,15,excellent,188,38.45,21,excellent,214,38.66,Moderate (800m),1.3199999999999932,-0.20999999999999375
245,"Location (35.0194, -85.2396)",42.26,10,excellent,107,40.46,18,excellent,158,41.02,29,excellent,168,42.26,Conservative (400m),-1.7999999999999972,0.5600000000000023
246,"Location (35.1445, -85.2190)",0.0,0,poor,374,0.0,0,poor,343,0.0,0,poor,432,0.0,Conservative (400m),0.0,0.0
247,"Location (35.0487, -85.2783)",42.52,10,excellent,104,43.17,25,excellent,118,50.53,71,excellent,121,50.53,Extended (1200m),0.6499999999999986,7.359999999999999
248,Ooltewah High School's Parking Lot #3,0.0,0,poor,375,0.0,0,poor,341,0.0,0,poor,433,0.0,Conservative (400m),0.0,0.0
249,"Location (35.0405, -85.3140)",42.57,12,excellent,103,75.74,104,excellent,47,78.57,169,excellent,55,78.57,Extended (1200m),33.169999999999995,2.8299999999999983
250,"Location (35.0055, -85.2228)",0.0,0,poor,376,38.18,13,excellent,194,39.69,26,excellent,192,39.69,Extended (1200m),38.18,1.509999999999998
251,"Location (35.0911, -85.0611)",0.0,0,poor,377,0.0,0,poor,342,0.0,0,poor,434,0.0,Conservative (400m),0.0,0.0
252,"Location (35.0477, -85.3121)",82.48,43,excellent,14,90.28,137,excellent,12,88.5,194,excellent,33,90.28,Moderate (800m),7.799999999999997,-1.7800000000000011
253,"Location (35.0448, -85.3203)",41.72,11,excellent,118,41.95,22,excellent,132,66.02,110,excellent,78,66.02,Extended (1200m),0.23000000000000398,24.069999999999993
254,"Location (35.0401, -85.2715)",50.13,26,excellent,65,49.28,59,excellent,92,57.86,130,excellent,92,57.86,Extended (1200m),-0.8500000000000014,8.579999999999998
255,"Location (35.0490, -85.2944)",57.92,21,excellent,42,56.93,51,excellent,74,60.4,98,excellent,88,60.4,Extended (1200m),-0.990000000000002,3.469999999999999
256,"Location (35.0625, -85.2756)",27.75,2,fair,251,31.36,3,good,283,39.08,25,excellent,208,39.08,Extended (1200m),3.6099999999999994,7.719999999999999
257,"Location (35.0748, -85.2029)",0.0,0,poor,363,26.47,2,fair,299,30.99,7,good,306,30.99,Extended (1200m),26.47,4.52
258,"Location (35.0114, -85.2393)",0.0,0,poor,364,36.84,9,excellent,214,38.52,21,excellent,212,38.52,Extended (1200m),36.84,1.6799999999999997
259,"Location (35.0257, -85.2775)",42.32,12,excellent,106,41.83,28,excellent,134,49.75,86,excellent,122,49.75,Extended (1200m),-0.490000000000002,7.920000000000002
260,"Location (35.0441, -85.2600)",41.63,13,excellent,120,42.78,39,excellent,123,48.06,92,excellent,125,48.06,Extended (1200m),1.1499999999999986,5.280000000000001
261,"Location (35.0224, -85.2433)",42.25,10,excellent,108,40.39,18,excellent,161,40.59,27,excellent,180,42.25,Conservative (400m),-1.8599999999999994,0.20000000000000284
262,"Location (35.0388, -85.1575)",37.19,3,excellent,189,38.84,13,excellent,184,39.68,23,excellent,193,39.68,Extended (1200m),1.6500000000000057,0.8399999999999963
263,"Location (35.0499, -85.2870)",42.01,5,excellent,116,46.2,23,excellent,103,52.5,66,excellent,112,52.5,Extended (1200m),4.190000000000005,6.299999999999997
264,"Location (35.1193, -85.2882)",0.0,0,poor,456,0.0,0,poor,340,0.0,0,poor,411,0.0,Conservative (400m),0.0,0.0
265,"Location (35.0373, -85.2639)",40.74,11,excellent,138,48.28,58,excellent,98,52.69,111,excellent,111,52.69,Extended (1200m),7.539999999999999,4.409999999999997
266,"Location (35.0807, -85.2638)",37.73,5,excellent,183,36.73,8,excellent,217,36.77,12,excellent,240,37.73,Conservative (400m),-1.0,0.04000000000000625
267,"Location (35.0507, -85.3124)",77.52,44,excellent,18,74.92,94,excellent,48,82.21,168,excellent,49,82.21,Extended (1200m),-2.5999999999999943,7.289999999999992
268,"Location (35.0417, -85.2999)",46.78,18,excellent,83,61.26,78,excellent,63,89.67,208,excellent,30,89.67,Extended (1200m),14.479999999999997,28.410000000000004
269,"Location (35.0245, -85.3113)",36.65,3,excellent,201,38.76,16,excellent,185,42.38,45,excellent,157,42.38,Extended (1200m),2.1099999999999994,3.6200000000000045
270,"Location (35.0349, -85.3148)",41.25,11,excellent,130,47.51,45,excellent,99,63.05,114,excellent,81,63.05,Extended (1200m),6.259999999999998,15.54
271,"Location (35.0494, -85.2763)",42.09,10,excellent,115,44.96,33,excellent,104,50.53,75,excellent,120,50.53,Extended (1200m),2.8699999999999974,5.57
272,"Location (35.0114, -85.1634)",0.0,0,poor,458,0.0,0,poor,339,0.0,0,poor,410,0.0,Conservative (400m),0.0,0.0
273,"Location (35.1149, -85.2919)",0.0,0,poor,446,0.0,0,poor,338,0.0,0,poor,409,0.0,Conservative (400m),0.0,0.0
274,"Location (35.0404, -85.1490)",0.0,0,poor,447,35.46,4,excellent,254,36.65,11,excellent,243,36.65,Extended (1200m),35.46,1.1899999999999977
275,"Location (35.0545, -85.3196)",0.0,0,poor,448,36.07,5,excellent,237,52.32,68,excellent,113,52.32,Extended (1200m),36.07,16.25
276,"Location (35.1002, -85.1353)",0.0,0,poor,449,0.0,0,poor,337,0.0,0,poor,408,0.0,Conservative (400m),0.0,0.0
277,"Location (35.0149, -85.2092)",38.42,5,excellent,172,39.77,16,excellent,169,40.81,28,excellent,175,40.81,Extended (1200m),1.3500000000000014,1.0399999999999991
278,"Location (35.1455, -85.2208)",0.0,0,poor,435,0.0,0,poor,336,0.0,0,poor,407,0.0,Conservative (400m),0.0,0.0
279,"Location (35.0411, -85.2619)",41.01,12,excellent,134,43.68,42,excellent,114,51.32,107,excellent,118,51.32,Extended (1200m),2.6700000000000017,7.640000000000001
280,"Location (35.0587, -85.1503)",0.0,0,poor,437,0.0,0,poor,335,0.0,0,poor,406,0.0,Conservative (400m),0.0,0.0
281,"Location (35.0591, -85.1535)",0.0,0,poor,438,0.0,0,poor,334,0.0,0,poor,405,0.0,Conservative (400m),0.0,0.0
282,"Location (35.0090, -85.3241)",44.06,14,excellent,97,44.86,38,excellent,105,46.74,65,excellent,132,46.74,Extended (1200m),0.7999999999999972,1.8800000000000026
283,"Location (35.0485, -85.3134)",63.12,26,excellent,31,82.38,115,excellent,34,84.51,180,excellent,42,84.51,Extended (1200m),19.259999999999998,2.1300000000000097
284,33,54.74,21,excellent,53,57.94,57,excellent,72,80.85,170,excellent,52,80.85,Extended (1200m),3.1999999999999957,22.909999999999997
285,"Location (35.0251, -85.3177)",39.05,7,excellent,166,38.36,14,excellent,193,43.76,49,excellent,151,43.76,Extended (1200m),-0.6899999999999977,5.399999999999999
286,"Location (35.0664, -85.1259)",0.0,0,poor,440,0.0,0,poor,333,30.54,7,good,309,30.54,Extended (1200m),0.0,30.54
287,"Location (35.0529, -85.3128)",66.34,35,excellent,27,63.38,69,excellent,57,76.97,150,excellent,59,76.97,Extended (1200m),-2.960000000000001,13.589999999999996
288,"Location (35.1208, -85.2904)",0.0,0,poor,441,0.0,0,poor,332,0.0,0,poor,404,0.0,Conservative (400m),0.0,0.0
289,"Location (35.0289, -85.2417)",0.0,0,poor,442,37.02,10,excellent,213,38.2,20,excellent,216,38.2,Extended (1200m),37.02,1.1799999999999997
290,"Location (35.0503, -85.3092)",90.23,58,excellent,4,87.58,122,excellent,23,85.69,183,excellent,40,90.23,Conservative (400m),-2.6500000000000057,-1.8900000000000006
291,"Location (35.0427, -85.2985)",48.88,20,excellent,68,54.33,63,excellent,78,86.97,197,excellent,35,86.97,Extended (1200m),5.449999999999996,32.64
292,"Location (35.0443, -85.3118)",89.93,50,excellent,6,87.18,130,excellent,24,91.66,215,excellent,23,91.66,Extended (1200m),-2.75,4.47999999999999
293,"Location (35.1237, -85.2408)",0.0,0,poor,378,37.2,12,excellent,210,36.92,16,excellent,234,37.2,Moderate (800m),37.2,-0.28000000000000114
294,"Location (35.0499, -85.3206)",37.77,5,excellent,181,37.51,11,excellent,205,62.05,96,excellent,84,62.05,Extended (1200m),-0.2600000000000051,24.54
295,"Location (35.0444, -85.3099)",97.77,60,excellent,2,90.0,134,excellent,13,94.81,227,excellent,13,97.77,Conservative (400m),-7.769999999999996,4.810000000000002
296,"Location (35.0075, -85.3910)",0.0,0,poor,379,0.0,0,poor,371,0.0,0,poor,389,0.0,Conservative (400m),0.0,0.0
297,"Location (35.0565, -85.2797)",32.55,3,good,223,36.43,7,excellent,226,40.25,28,excellent,184,40.25,Extended (1200m),3.8800000000000026,3.8200000000000003
298,"Location (35.0400, -85.3066)",70.41,39,excellent,24,81.48,125,excellent,36,84.06,194,excellent,44,84.06,Extended (1200m),11.070000000000007,2.5799999999999983
299,"Location (35.1287, -85.2139)",0.0,0,poor,381,0.0,0,poor,375,0.0,0,poor,391,0.0,Conservative (400m),0.0,0.0
300,"Location (35.0467, -85.1549)",0.0,0,poor,382,37.37,10,excellent,208,37.69,16,excellent,221,37.69,Extended (1200m),37.37,0.3200000000000003
301,"Location (35.0632, -85.3124)",41.57,11,excellent,121,42.46,30,excellent,127,44.85,47,excellent,143,44.85,Extended (1200m),0.8900000000000006,2.3900000000000006
302,"Location (35.0072, -85.2079)",40.63,8,excellent,140,38.14,11,excellent,196,39.36,22,excellent,201,40.63,Conservative (400m),-2.490000000000002,1.2199999999999989
303,"Location (35.0959, -85.2549)",32.18,3,good,228,31.4,4,good,281,35.29,5,excellent,281,35.29,Extended (1200m),-0.7800000000000011,3.8900000000000006
304,"Location (35.0833, -85.0578)",0.0,0,poor,430,0.0,0,poor,374,0.0,0,poor,392,0.0,Conservative (400m),0.0,0.0
305,"Location (35.0463, -85.3099)",98.23,57,excellent,1,93.05,141,excellent,5,93.34,219,excellent,17,98.23,Conservative (400m),-5.180000000000007,0.29000000000000625
306,"Location (35.1201, -85.3055)",0.0,0,poor,431,0.0,0,poor,373,0.0,0,poor,393,0.0,Conservative (400m),0.0,0.0
307,"Location (35.0469, -85.3216)",39.1,7,excellent,165,38.88,16,excellent,183,60.37,86,excellent,89,60.37,Extended (1200m),-0.21999999999999886,21.489999999999995
308,"Location (35.0493, -85.3052)",58.54,27,excellent,41,92.75,143,excellent,7,90.6,199,excellent,25,92.75,Moderate (800m),34.21,-2.1500000000000057
309,"Location (35.0601, -85.3027)",37.73,4,excellent,182,41.26,21,excellent,145,53.83,83,excellent,105,53.83,Extended (1200m),3.530000000000001,12.57
310,Unum,54.12,21,excellent,55,87.81,133,excellent,22,89.75,193,excellent,29,89.75,Extended (1200m),33.690000000000005,1.9399999999999977
311,"Location (35.0609, -85.3222)",0.0,0,poor,285,34.43,2,excellent,267,35.69,11,excellent,274,35.69,Extended (1200m),34.43,1.259999999999998
312,"Location (35.0608, -85.1881)",0.0,0,poor,286,0.0,0,poor,372,13.77,1,poor,337,13.77,Extended (1200m),0.0,13.77
313,"Location (35.0429, -85.3052)",77.21,45,excellent,19,88.78,132,excellent,16,95.7,234,excellent,11,95.7,Extended (1200m),11.570000000000007,6.920000000000002
314,"Location (35.0871, -85.3372)",0.0,0,poor,287,0.0,0,poor,370,0.0,0,poor,363,0.0,Conservative (400m),0.0,0.0
315,"Location (35.0109, -85.2239)",42.19,10,excellent,110,41.0,20,excellent,149,41.0,29,excellent,169,42.19,Conservative (400m),-1.1899999999999977,0.0
316,"Location (35.0818, -85.0849)",0.0,0,poor,288,0.0,0,poor,385,0.0,0,poor,364,0.0,Conservative (400m),0.0,0.0
317,"Location (35.0377, -85.3131)",47.3,19,excellent,76,66.81,85,excellent,55,72.94,151,excellent,67,72.94,Extended (1200m),19.510000000000005,6.1299999999999955
318,"Location (35.1511, -85.2485)",0.0,0,poor,423,0.0,0,poor,383,0.0,0,poor,366,0.0,Conservative (400m),0.0,0.0
319,"Location (35.1221, -85.3072)",0.0,0,poor,424,0.0,0,poor,384,0.0,0,poor,365,0.0,Conservative (400m),0.0,0.0
320,"Location (35.0453, -85.3062)",86.13,55,excellent,10,91.96,138,excellent,9,98.32,238,excellent,2,98.32,Extended (1200m),5.829999999999998,6.359999999999999
321,"Location (35.0476, -85.3019)",51.25,18,excellent,63,78.09,115,excellent,40,95.8,215,excellent,10,95.8,Extended (1200m),26.840000000000003,17.709999999999994
322,"Location (35.0542, -85.3069)",59.99,28,excellent,36,66.64,79,excellent,56,77.35,152,excellent,58,77.35,Extended (1200m),6.649999999999999,10.709999999999994
323,Short Term Lot,0.0,0,poor,425,0.0,0,poor,382,0.0,0,poor,367,0.0,Conservative (400m),0.0,0.0
324,"Location (35.0912, -85.2237)",0.0,0,poor,426,22.53,1,limited,301,22.47,1,limited,319,22.53,Moderate (800m),22.53,-0.060000000000002274
325,"Location (35.1342, -85.2822)",0.0,0,poor,427,0.0,0,poor,381,0.0,0,poor,368,0.0,Conservative (400m),0.0,0.0
326,"Location (35.0632, -85.3081)",45.39,15,excellent,89,42.91,31,excellent,122,47.38,57,excellent,127,47.38,Extended (1200m),-2.480000000000004,4.470000000000006
327,"Location (35.0551, -85.3114)",60.89,29,excellent,34,59.27,60,excellent,69,70.25,131,excellent,71,70.25,Extended (1200m),-1.6199999999999974,10.979999999999997
328,"Location (35.0452, -85.3124)",79.99,37,excellent,17,88.6,134,excellent,17,90.4,208,excellent,26,90.4,Extended (1200m),8.61,1.8000000000000114
329,"Location (35.0448, -85.3571)",0.0,0,poor,428,0.0,0,poor,380,0.0,0,poor,369,0.0,Conservative (400m),0.0,0.0
330,"Location (35.0257, -85.2176)",0.0,0,poor,429,0.0,0,poor,379,0.0,0,poor,399,0.0,Conservative (400m),0.0,0.0
331,"Location (35.0399, -85.3122)",56.61,26,excellent,50,77.28,112,excellent,43,80.55,179,excellent,54,80.55,Extended (1200m),20.67,3.269999999999996
332,"Location (35.1218, -85.2935)",0.0,0,poor,370,0.0,0,poor,376,0.0,0,poor,398,0.0,Conservative (400m),0.0,0.0
333,"Location (35.1408, -85.2294)",0.0,0,poor,415,0.0,0,poor,400,0.0,0,poor,397,0.0,Conservative (400m),0.0,0.0
334,"Location (35.1127, -85.2054)",0.0,0,poor,416,0.0,0,poor,399,0.0,0,poor,396,0.0,Conservative (400m),0.0,0.0
335,"Location (35.1103, -85.2954)",0.0,0,poor,417,0.0,0,poor,397,0.0,0,poor,395,0.0,Conservative (400m),0.0,0.0
336,"Location (35.0452, -85.1613)",40.74,8,excellent,137,39.79,16,excellent,168,39.2,20,excellent,203,40.74,Conservative (400m),-0.9500000000000028,-0.5899999999999963
337,"Location (35.0483, -85.3062)",66.06,33,excellent,28,99.79,159,excellent,1,93.21,208,excellent,18,99.79,Moderate (800m),33.730000000000004,-6.5800000000000125
338,"Location (35.0437, -85.3047)",59.19,34,excellent,39,86.75,126,excellent,26,97.58,240,excellent,4,97.58,Extended (1200m),27.560000000000002,10.829999999999998
339,"Location (35.0328, -85.3132)",40.23,9,excellent,149,48.28,48,excellent,97,54.71,90,excellent,98,54.71,Extended (1200m),8.050000000000004,6.43
340,"Location (35.0433, -85.1403)",0.0,0,poor,433,0.0,0,poor,398,0.0,0,poor,424,0.0,Conservative (400m),0.0,0.0
341,"Location (35.0373, -85.3118)",48.22,20,excellent,72,67.04,88,excellent,54,72.19,151,excellent,68,72.19,Extended (1200m),18.820000000000007,5.1499999999999915
342,"Location (35.0199, -85.3403)",0.0,0,poor,421,0.0,0,poor,396,0.0,0,poor,426,0.0,Conservative (400m),0.0,0.0
343,"Location (35.0770, -85.2041)",0.0,0,poor,422,22.24,2,limited,302,30.75,7,good,308,30.75,Extended (1200m),22.24,8.510000000000002
344,"Location (35.0891, -85.1773)",18.9,1,limited,263,27.17,4,fair,294,31.18,6,good,304,31.18,Extended (1200m),8.270000000000003,4.009999999999998
345,"Location (35.0503, -85.3088)",90.18,58,excellent,5,87.89,123,excellent,21,85.95,183,excellent,39,90.18,Conservative (400m),-2.2900000000000063,-1.9399999999999977
346,"Location (35.1409, -85.1748)",0.0,0,poor,409,0.0,0,poor,395,0.0,0,poor,425,0.0,Conservative (400m),0.0,0.0
347,"Location (35.0544, -85.3102)",67.5,36,excellent,26,61.61,65,excellent,60,74.79,141,excellent,64,74.79,Extended (1200m),-5.890000000000001,13.180000000000007
348,"Location (35.0184, -85.3377)",0.0,0,poor,410,0.0,0,poor,425,0.0,0,poor,423,0.0,Conservative (400m),0.0,0.0
349,"Location (35.1020, -85.2747)",41.77,11,excellent,117,39.26,17,excellent,177,39.1,24,excellent,207,41.77,Conservative (400m),-2.510000000000005,-0.1599999999999966
350,"Location (35.0904, -85.0655)",0.0,0,poor,411,0.0,0,poor,426,0.0,0,poor,416,0.0,Conservative (400m),0.0,0.0
351,"Location (35.0441, -85.2791)",47.51,15,excellent,75,49.54,45,excellent,91,54.11,90,excellent,103,54.11,Extended (1200m),2.030000000000001,4.57
352,"Location (35.0362, -85.3051)",52.07,22,excellent,61,60.63,82,excellent,67,76.08,175,excellent,61,76.08,Extended (1200m),8.560000000000002,15.449999999999996
353,"Location (35.1099, -85.2164)",0.0,0,poor,412,0.0,0,poor,422,0.0,0,poor,417,0.0,Conservative (400m),0.0,0.0
354,"Location (35.0058, -85.2325)",0.0,0,poor,413,0.0,0,poor,415,37.92,20,excellent,218,37.92,Extended (1200m),0.0,37.92
355,"Location (35.0655, -85.3108)",45.35,18,excellent,91,43.22,33,excellent,117,41.47,38,excellent,164,45.35,Conservative (400m),-2.1300000000000026,-1.75
356,"Location (35.0318, -85.1846)",36.97,3,excellent,194,37.23,8,excellent,209,37.52,13,excellent,225,37.52,Extended (1200m),0.259999999999998,0.29000000000000625
357,"Location (35.0628, -85.3110)",43.84,14,excellent,98,43.1,32,excellent,121,49.27,66,excellent,123,49.27,Extended (1200m),-0.740000000000002,6.170000000000002
358,"Location (35.0465, -85.3051)",60.14,31,excellent,35,97.13,153,excellent,4,96.45,225,excellent,9,97.13,Moderate (800m),36.989999999999995,-0.6799999999999926
359,"Location (35.0308, -85.1743)",0.0,0,poor,294,35.68,5,excellent,247,36.48,11,excellent,252,36.48,Extended (1200m),35.68,0.7999999999999972
360,"Location (35.1561, -85.1967)",0.0,0,poor,295,0.0,0,poor,440,0.0,0,poor,446,0.0,Conservative (400m),0.0,0.0
361,"Location (35.0821, -85.0836)",0.0,0,poor,346,0.0,0,poor,439,0.0,0,poor,449,0.0,Conservative (400m),0.0,0.0
362,"Location (35.0056, -85.2211)",0.0,0,poor,347,37.93,12,excellent,199,39.75,26,excellent,190,39.75,Extended (1200m),37.93,1.8200000000000003
363,"Location (35.0497, -85.3039)",56.92,23,excellent,49,86.21,134,excellent,27,91.19,198,excellent,24,91.19,Extended (1200m),29.289999999999992,4.980000000000004
364,"Location (35.0457, -85.3027)",59.83,31,excellent,37,89.08,135,excellent,14,98.1,231,excellent,3,98.1,Extended (1200m),29.25,9.019999999999996
365,"Location (35.0652, -85.2739)",23.21,1,limited,261,36.25,7,excellent,235,38.05,21,excellent,217,38.05,Extended (1200m),13.04,1.7999999999999972
366,"Location (35.1449, -85.2405)",0.0,0,poor,348,30.09,1,good,292,34.18,2,excellent,293,34.18,Extended (1200m),30.09,4.09
367,"Location (35.0508, -85.3045)",52.67,18,excellent,60,81.66,117,excellent,35,89.01,190,excellent,32,89.01,Extended (1200m),28.989999999999995,7.3500000000000085
368,"Location (35.0351, -85.3120)",48.81,21,excellent,69,54.03,59,excellent,79,66.7,130,excellent,76,66.7,Extended (1200m),5.219999999999999,12.670000000000002
369,"Location (35.0353, -85.3131)",45.92,17,excellent,86,53.45,57,excellent,81,66.48,128,excellent,77,66.48,Extended (1200m),7.530000000000001,13.030000000000001
370,"Location (35.0495, -85.2880)",47.03,8,excellent,78,48.6,29,excellent,95,54.1,72,excellent,104,54.1,Extended (1200m),1.5700000000000003,5.5
371,"Location (35.0433, -85.2963)",46.16,14,excellent,85,58.16,66,excellent,71,74.13,153,excellent,65,74.13,Extended (1200m),12.0,15.969999999999999
372,"Location (35.0364, -85.3057)",55.23,25,excellent,52,61.59,83,excellent,61,75.92,175,excellent,62,75.92,Extended (1200m),6.3600000000000065,14.329999999999998
373,"Location (35.0540, -85.3125)",61.34,30,excellent,32,61.51,65,excellent,62,73.74,138,excellent,66,73.74,Extended (1200m),0.1699999999999946,12.229999999999997
374,"Location (35.1132, -85.2641)",39.87,8,excellent,153,38.96,16,excellent,180,38.88,23,excellent,209,39.87,Conservative (400m),-0.9099999999999966,-0.0799999999999983
375,"Location (35.0820, -85.0842)",0.0,0,poor,350,0.0,0,poor,444,0.0,0,poor,450,0.0,Conservative (400m),0.0,0.0
376,"Location (35.0964, -85.2532)",27.67,2,fair,252,31.44,4,good,280,35.43,6,excellent,280,35.43,Extended (1200m),3.7699999999999996,3.9899999999999984
377,"Location (35.0523, -85.2978)",47.77,14,excellent,73,52.25,42,excellent,85,69.25,127,excellent,73,69.25,Extended (1200m),4.479999999999997,17.0
378,"Location (35.0167, -85.2357)",41.5,9,excellent,123,41.04,20,excellent,148,41.24,30,excellent,166,41.5,Conservative (400m),-0.46000000000000085,0.20000000000000284
379,"Location (35.0839, -85.0634)",0.0,0,poor,325,0.0,0,poor,443,0.0,0,poor,447,0.0,Conservative (400m),0.0,0.0
380,"Location (35.0619, -85.3081)",44.25,13,excellent,95,41.98,27,excellent,131,52.07,77,excellent,115,52.07,Extended (1200m),-2.270000000000003,10.090000000000003
381,"Location (35.0495, -85.3031)",57.29,24,excellent,46,82.89,123,excellent,33,91.78,198,excellent,22,91.78,Extended (1200m),25.6,8.89
382,"Location (35.0484, -85.3041)",53.11,21,excellent,59,91.85,142,excellent,10,93.36,208,excellent,16,93.36,Extended (1200m),38.739999999999995,1.5100000000000051
383,"Location (35.0446, -85.3130)",74.99,33,excellent,21,85.4,126,excellent,30,89.1,205,excellent,31,89.1,Extended (1200m),10.41000000000001,3.6999999999999886
384,"Location (35.1421, -85.2378)",0.0,0,poor,338,30.19,1,good,289,34.45,3,excellent,292,34.45,Extended (1200m),30.19,4.260000000000002
385,"Location (35.0453, -85.2959)",45.38,12,excellent,90,62.52,75,excellent,59,62.89,114,excellent,82,62.89,Extended (1200m),17.14,0.36999999999999744
386,"Location (35.0425, -85.1978)",0.0,0,poor,339,0.0,0,poor,446,0.0,0,poor,448,0.0,Conservative (400m),0.0,0.0
387,"Location (35.0470, -85.1537)",0.0,0,poor,340,36.3,7,excellent,230,37.11,14,excellent,230,37.11,Extended (1200m),36.3,0.8100000000000023
388,"Location (35.0171, -85.3234)",46.94,18,excellent,79,42.78,29,excellent,124,45.23,56,excellent,141,46.94,Conservative (400m),-4.159999999999997,2.4499999999999957
389,"Location (35.0468, -85.3080)",96.66,61,excellent,3,97.97,155,excellent,3,95.07,224,excellent,12,97.97,Moderate (800m),1.3100000000000023,-2.9000000000000057
390,"Location (35.0721, -85.1320)",32.76,4,good,222,31.89,6,good,271,35.76,8,excellent,270,35.76,Extended (1200m),-0.8699999999999974,3.8699999999999974
391,"Location (35.0350, -85.2069)",0.0,0,poor,318,0.0,0,poor,322,0.0,0,poor,394,0.0,Conservative (400m),0.0,0.0
392,"Location (35.0484, -85.3204)",39.22,7,excellent,161,38.48,14,excellent,190,65.09,103,excellent,79,65.09,Extended (1200m),-0.740000000000002,26.610000000000007
393,"Location (35.0915, -85.0651)",0.0,0,poor,333,0.0,0,poor,323,0.0,0,poor,359,0.0,Conservative (400m),0.0,0.0
394,"Location (35.0102, -85.2146)",42.15,10,excellent,112,42.1,24,excellent,129,41.53,32,excellent,161,42.15,Conservative (400m),-0.04999999999999716,-0.5700000000000003
395,"Location (35.0428, -85.2917)",42.36,9,excellent,105,54.91,52,excellent,76,57.99,93,excellent,91,57.99,Extended (1200m),12.549999999999997,3.0800000000000054
396,"Location (35.0201, -85.3403)",0.0,0,poor,321,0.0,0,poor,369,0.0,0,poor,360,0.0,Conservative (400m),0.0,0.0
397,"Location (35.0823, -85.0584)",0.0,0,poor,322,0.0,0,poor,368,0.0,0,poor,357,0.0,Conservative (400m),0.0,0.0
398,"Location (35.0925, -85.3044)",0.0,0,poor,323,0.0,0,poor,358,0.0,0,poor,358,0.0,Conservative (400m),0.0,0.0
399,"Location (35.0690, -85.2886)",39.86,8,excellent,154,39.45,18,excellent,175,39.91,29,excellent,189,39.91,Extended (1200m),-0.4099999999999966,0.45999999999999375
400,"Location (35.0440, -85.1566)",39.19,6,excellent,162,38.17,11,excellent,195,39.12,20,excellent,206,39.19,Conservative (400m),-1.019999999999996,0.9499999999999957
401,"Location (35.1014, -85.2741)",41.66,11,excellent,119,38.89,16,excellent,182,38.64,22,excellent,210,41.66,Conservative (400m),-2.769999999999996,-0.25
402,"Location (35.0930, -85.3052)",0.0,0,poor,310,0.0,0,poor,359,0.0,0,poor,382,0.0,Conservative (400m),0.0,0.0
403,"Location (35.0458, -85.3032)",57.29,28,excellent,45,88.4,134,excellent,18,99.25,234,excellent,1,99.25,Extended (1200m),31.110000000000007,10.849999999999994
404,"Location (35.0420, -85.3024)",48.57,21,excellent,70,76.46,112,excellent,45,93.57,224,excellent,15,93.57,Extended (1200m),27.889999999999993,17.11
405,"Location (35.0361, -85.3092)",58.65,31,excellent,40,60.94,79,excellent,65,71.13,151,excellent,70,71.13,Extended (1200m),2.289999999999999,10.189999999999998
406,"Location (35.0507, -85.3050)",55.65,21,excellent,51,81.42,118,excellent,37,87.98,188,excellent,34,87.98,Extended (1200m),25.770000000000003,6.560000000000002
407,"Location (35.1551, -85.2482)",0.0,0,poor,311,0.0,0,poor,360,0.0,0,poor,381,0.0,Conservative (400m),0.0,0.0
408,"Location (35.0106, -85.2120)",39.91,7,excellent,150,40.82,20,excellent,152,41.06,30,excellent,167,41.06,Extended (1200m),0.9100000000000037,0.240000000000002
409,"Location (35.1526, -85.2421)",0.0,0,poor,313,0.0,0,poor,361,0.0,0,poor,380,0.0,Conservative (400m),0.0,0.0
410,"Location (35.1467, -85.2214)",0.0,0,poor,314,0.0,0,poor,362,0.0,0,poor,379,0.0,Conservative (400m),0.0,0.0
411,"Location (35.1243, -85.3020)",0.0,0,poor,315,0.0,0,poor,355,0.0,0,poor,386,0.0,Conservative (400m),0.0,0.0
412,"Location (35.0613, -85.3093)",43.5,12,excellent,101,43.1,31,excellent,120,53.53,82,excellent,107,53.53,Extended (1200m),-0.3999999999999986,10.43
413,"Location (35.0341, -85.2065)",0.0,0,poor,316,0.0,0,poor,451,0.0,0,poor,385,0.0,Conservative (400m),0.0,0.0
414,"Location (35.0455, -85.1624)",41.47,9,excellent,126,39.47,15,excellent,172,39.19,20,excellent,204,41.47,Conservative (400m),-2.0,-0.28000000000000114
415,"Location (35.0439, -85.3057)",81.68,53,excellent,15,88.84,131,excellent,15,97.49,239,excellent,6,97.49,Extended (1200m),7.159999999999997,8.649999999999991
416,"Location (35.0116, -85.2134)",39.18,6,excellent,163,41.45,22,excellent,142,41.49,32,excellent,163,41.49,Extended (1200m),2.270000000000003,0.03999999999999915
417,"Location (35.0476, -85.3068)",82.66,49,excellent,12,99.26,156,excellent,2,94.16,215,excellent,14,99.26,Moderate (800m),16.60000000000001,-5.1000000000000085
418,"Location (35.0909, -85.0653)",0.0,0,poor,353,0.0,0,poor,452,0.0,0,poor,455,0.0,Conservative (400m),0.0,0.0
419,"Location (35.0493, -85.3135)",65.05,30,excellent,29,80.04,107,excellent,39,83.39,176,excellent,45,83.39,Extended (1200m),14.990000000000009,3.3499999999999943
420,"Location (35.0127, -85.2288)",43.0,11,excellent,102,41.07,20,excellent,146,40.86,28,excellent,174,43.0,Conservative (400m),-1.9299999999999997,-0.21000000000000085
421,"Location (35.0266, -85.2538)",39.3,6,excellent,159,38.53,12,excellent,189,40.87,32,excellent,173,40.87,Extended (1200m),-0.769999999999996,2.3399999999999963
422,"Location (35.0512, -85.3101)",89.13,57,excellent,8,77.5,102,excellent,42,83.27,173,excellent,46,89.13,Conservative (400m),-11.629999999999995,5.769999999999996
423,"Location (35.0323, -85.1858)",37.65,4,excellent,184,37.48,9,excellent,206,37.47,13,excellent,226,37.65,Conservative (400m),-0.1700000000000017,-0.00999999999999801
424,"Location (35.1284, -85.1973)",0.0,0,poor,352,0.0,0,poor,363,0.0,0,poor,345,0.0,Conservative (400m),0.0,0.0
425,"Location (35.0407, -85.3074)",80.98,48,excellent,16,83.98,128,excellent,32,85.98,201,excellent,38,85.98,Extended (1200m),3.0,2.0
426,"Location (35.0651, -85.3101)",45.65,18,excellent,87,43.52,34,excellent,115,42.51,43,excellent,156,45.65,Conservative (400m),-2.1299999999999955,-1.0100000000000051
427,"Location (35.0628, -85.3131)",38.4,6,excellent,173,42.51,30,excellent,126,46.3,53,excellent,135,46.3,Extended (1200m),4.109999999999999,3.789999999999999
428,"Location (35.1095, -85.2188)",0.0,0,poor,349,0.0,0,poor,367,0.0,0,poor,346,0.0,Conservative (400m),0.0,0.0
429,"Location (35.0557, -85.1862)",0.0,0,poor,358,14.05,1,poor,314,13.99,1,poor,331,14.05,Moderate (800m),14.05,-0.0600000000000005
430,"Location (35.0120, -85.1584)",0.0,0,poor,319,0.0,0,poor,364,0.0,0,poor,355,0.0,Conservative (400m),0.0,0.0
431,48,53.21,22,excellent,58,68.02,95,excellent,53,97.02,225,excellent,7,97.02,Extended (1200m),14.809999999999995,29.0
432,"Location (35.0532, -85.1858)",0.0,0,poor,317,0.0,0,poor,330,13.92,1,poor,333,13.92,Extended (1200m),0.0,13.92
433,"Location (35.0353, -85.3087)",57.25,30,excellent,47,58.79,73,excellent,70,69.69,148,excellent,72,69.69,Extended (1200m),1.5399999999999991,10.899999999999999
434,"Location (35.0463, -85.3123)",86.59,43,excellent,9,88.2,133,excellent,19,90.24,205,excellent,27,90.24,Extended (1200m),1.6099999999999994,2.039999999999992
435,"Location (35.0490, -85.3042)",53.4,22,excellent,57,92.0,144,excellent,8,91.85,201,excellent,21,92.0,Moderate (800m),38.6,-0.15000000000000568
436,"Location (35.0614, -85.2981)",37.82,5,excellent,180,39.46,17,excellent,173,44.68,47,excellent,146,44.68,Extended (1200m),1.6400000000000006,5.219999999999999
437,"Location (35.0566, -85.1256)",0.0,0,poor,312,0.0,0,poor,329,13.64,1,poor,342,13.64,Extended (1200m),0.0,13.64
438,"Location (35.1021, -85.2307)",0.0,0,poor,309,0.0,0,poor,365,30.21,3,good,310,30.21,Extended (1200m),0.0,30.21
439,"Location (35.0686, -85.2890)",41.13,10,excellent,132,39.49,18,excellent,171,39.6,27,excellent,196,41.13,Conservative (400m),-1.6400000000000006,0.10999999999999943
440,"Location (35.1558, -85.2481)",0.0,0,poor,356,0.0,0,poor,412,0.0,0,poor,354,0.0,Conservative (400m),0.0,0.0
441,"Location (35.1225, -85.2404)",0.0,0,poor,324,36.5,10,excellent,222,36.73,16,excellent,241,36.73,Extended (1200m),36.5,0.22999999999999687
442,"Location (35.1080, -85.2169)",0.0,0,poor,419,0.0,0,poor,411,0.0,0,poor,353,0.0,Conservative (400m),0.0,0.0
443,"Location (35.0103, -85.2126)",39.27,6,excellent,160,41.54,22,excellent,140,40.95,29,excellent,170,41.54,Moderate (800m),2.269999999999996,-0.5899999999999963
444,"Location (35.0226, -85.3200)",37.09,4,excellent,190,41.63,26,excellent,137,42.55,43,excellent,155,42.55,Extended (1200m),4.539999999999999,0.9199999999999946
445,"Location (35.0103, -85.2197)",42.24,10,excellent,109,41.05,20,excellent,147,42.04,34,excellent,159,42.24,Conservative (400m),-1.1900000000000048,0.990000000000002
446,"Location (35.0412, -85.2989)",45.33,17,excellent,92,51.42,55,excellent,89,84.48,195,excellent,43,84.48,Extended (1200m),6.090000000000003,33.06
447,"Location (35.0628, -85.3062)",45.51,15,excellent,88,42.52,29,excellent,125,49.2,64,excellent,124,49.2,Extended (1200m),-2.989999999999995,6.68
448,"Location (35.0480, -85.3132)",67.67,28,excellent,25,85.24,123,excellent,31,86.09,187,excellent,37,86.09,Extended (1200m),17.569999999999993,0.8500000000000085
449,"Location (35.0507, -85.3113)",82.58,50,excellent,13,80.42,104,excellent,38,82.93,172,excellent,47,82.93,Extended (1200m),-2.1599999999999966,2.510000000000005
450,"Location (35.1269, -85.2158)",0.0,0,poor,418,0.0,0,poor,418,0.0,0,poor,352,0.0,Conservative (400m),0.0,0.0
451,"Location (35.0410, -85.3059)",73.25,43,excellent,22,85.57,133,excellent,29,86.62,204,excellent,36,86.62,Extended (1200m),12.319999999999993,1.0500000000000114
452,"Location (35.1537, -85.2483)",0.0,0,poor,414,0.0,0,poor,417,0.0,0,poor,351,0.0,Conservative (400m),0.0,0.0
453,"Location (35.0450, -85.3115)",89.37,48,excellent,7,87.18,129,excellent,25,92.06,215,excellent,19,92.06,Extended (1200m),-2.1899999999999977,4.8799999999999955
454,"Location (35.0506, -85.1328)",0.0,0,poor,355,0.0,0,poor,454,13.36,1,poor,344,13.36,Extended (1200m),0.0,13.36
455,"Location (35.0630, -85.3031)",41.26,9,excellent,129,41.77,26,excellent,135,45.57,55,excellent,139,45.57,Extended (1200m),0.5100000000000051,3.799999999999997
456,"Location (35.0488, -85.3039)",53.94,22,excellent,56,91.07,142,excellent,11,91.89,201,excellent,20,91.89,Extended (1200m),37.129999999999995,0.8200000000000074
457,"Location (35.0345, -85.3072)",51.13,22,excellent,64,54.38,60,excellent,77,68.28,149,excellent,75,68.28,Extended (1200m),3.25,13.899999999999999
458,"Location (35.0308, -85.2699)",46.87,18,excellent,82,48.33,52,excellent,96,52.91,105,excellent,110,52.91,Extended (1200m),1.4600000000000009,4.579999999999998
